dataset,n_layer,n_neuron,fold,val_loss,time
auto93,1,4,1,0.0038069202564656734,5.178436517715454
auto93,1,4,2,0.00482981139793992,7.236174583435059
auto93,1,4,3,0.0035935272462666035,7.393589496612549
auto93,1,4,4,0.0069520496763288975,1.925353765487671
auto93,1,4,5,0.005762049928307533,2.306736946105957
auto93,1,8,1,0.003153376281261444,2.412933111190796
auto93,1,8,2,0.007635397836565971,2.050002098083496
auto93,1,8,3,0.006667405366897583,15.798258781433105
auto93,1,8,4,0.007912350818514824,16.21343493461609
auto93,1,8,5,0.006640967912971973,2.0373713970184326
auto93,2,4,1,0.003980372101068497,2.36771821975708
auto93,2,4,2,0.009026533924043179,9.221789360046387
auto93,2,4,3,0.007789298892021179,3.5075182914733887
auto93,2,4,4,0.010159293189644814,16.00983166694641
auto93,2,4,5,0.006090929731726646,10.6607985496521
auto93,2,8,1,0.002904938068240881,7.316777944564819
auto93,2,8,2,0.006099233869463205,4.387726068496704
auto93,2,8,3,0.00478878989815712,6.65800929069519
auto93,2,8,4,0.005532809533178806,6.977810859680176
auto93,2,8,5,0.005094042979180813,2.201246500015259
autohorse,1,4,1,0.003118527354672551,16.357872486114502
autohorse,1,4,2,0.0031101410277187824,4.133029460906982
autohorse,1,4,3,0.00237140036188066,7.80081582069397
autohorse,1,4,4,0.002560487249866128,12.107013463973999
autohorse,1,4,5,0.0015157137531787157,4.295923233032227
autohorse,1,8,1,0.0011085132136940956,2.4028613567352295
autohorse,1,8,2,0.0007355426205322146,1.6417033672332764
autohorse,1,8,3,0.002159461844712496,3.0281336307525635
autohorse,1,8,4,0.0006156375166028738,3.1845285892486572
autohorse,1,8,5,0.0008266980294138193,2.704533815383911
autohorse,2,4,1,0.0011500980472192168,10.122528314590454
autohorse,2,4,2,0.0011276400182396173,4.070774793624878
autohorse,2,4,3,0.0009174274164251983,9.421721696853638
autohorse,2,4,4,0.0007709016790613532,4.036987781524658
autohorse,2,4,5,0.0005630510277114809,4.6156792640686035
autohorse,2,8,1,0.0005247641820460558,4.233155012130737
autohorse,2,8,2,0.0004847362288273871,2.3397538661956787
autohorse,2,8,3,0.0007134831976145506,4.622570753097534
autohorse,2,8,4,0.0003209974092897028,2.4287045001983643
autohorse,2,8,5,0.00019255385268479586,4.355391263961792
autompg,1,4,1,0.0014799926429986954,10.34211015701294
autompg,1,4,2,0.0007789275841787457,17.783844232559204
autompg,1,4,3,0.000998864765278995,19.47149682044983
autompg,1,4,4,0.0010384247871115804,19.917800903320312
autompg,1,4,5,0.0007105145487003028,17.305253267288208
autompg,1,8,1,0.0011062005069106817,7.873111963272095
autompg,1,8,2,0.00113476044498384,3.7283782958984375
autompg,1,8,3,0.0010394634446129203,2.627772808074951
autompg,1,8,4,0.0009703704854473472,2.5951712131500244
autompg,1,8,5,0.0007378495647571981,2.768390655517578
autompg,2,4,1,0.0065499600023031235,11.559073209762573
autompg,2,4,2,0.002206871286034584,21.78373694419861
autompg,2,4,3,0.006611613556742668,20.60361075401306
autompg,2,4,4,0.006166874431073666,18.182371377944946
autompg,2,4,5,0.003934931941330433,21.1581552028656
autompg,2,8,1,0.0012264687102288008,11.466847658157349
autompg,2,8,2,0.00038277963176369667,15.034346580505371
autompg,2,8,3,0.0012745317071676254,5.835833311080933
autompg,2,8,4,0.0008496103109791875,6.002554893493652
autompg,2,8,5,0.0007304935716092587,7.464873552322388
autoprice,1,4,1,0.001225557760335505,57.21553826332092
autoprice,1,4,2,0.0019150718580931425,7.105576515197754
autoprice,1,4,3,0.001378538436256349,13.130326986312866
autoprice,1,4,4,0.003277342766523361,13.335293054580688
autoprice,1,4,5,0.0005918851820752025,22.658106327056885
autoprice,1,8,1,0.0019720091950148344,4.161933898925781
autoprice,1,8,2,0.001452118158340454,4.755001068115234
autoprice,1,8,3,0.0010967133566737175,17.976251125335693
autoprice,1,8,4,0.0019262779969722033,2.6549806594848633
autoprice,1,8,5,0.000362326973117888,4.755737066268921
autoprice,2,4,1,0.0026211051736027002,13.170066833496094
autoprice,2,4,2,0.0024891034699976444,6.589208364486694
autoprice,2,4,3,0.0014314019354060292,5.811661005020142
autoprice,2,4,4,0.003551761619746685,5.531903982162476
autoprice,2,4,5,0.002481496660038829,4.974049806594849
autoprice,2,8,1,0.002965174848213792,10.84067177772522
autoprice,2,8,2,0.0010287635959684849,6.477293014526367
autoprice,2,8,3,0.0009410066995769739,5.213266372680664
autoprice,2,8,4,0.0020464735571295023,4.56663966178894
autoprice,2,8,5,0.0004166305880062282,7.648391485214233
baskball,1,4,1,0.0067711519077420235,13.677464962005615
baskball,1,4,2,0.005971962120383978,11.22096562385559
baskball,1,4,3,0.006958979647606611,4.686350107192993
baskball,1,4,4,0.00808708742260933,4.4923765659332275
baskball,1,4,5,0.004441502504050732,4.567351818084717
baskball,1,8,1,0.002590111456811428,11.361071109771729
baskball,1,8,2,0.004929756745696068,4.993758916854858
baskball,1,8,3,0.0024987568613141775,2.707104444503784
baskball,1,8,4,0.00397154688835144,3.888782501220703
baskball,1,8,5,0.003522483166307211,2.337387800216675
baskball,2,4,1,0.004058045335114002,23.53333592414856
baskball,2,4,2,0.006084069609642029,11.099512815475464
baskball,2,4,3,0.005362207535654306,8.054351329803467
baskball,2,4,4,0.003015839261934161,10.200732469558716
baskball,2,4,5,0.005634572356939316,3.8911259174346924
baskball,2,8,1,0.0031850554514676332,28.948893308639526
baskball,2,8,2,0.006073561497032642,6.185436964035034
baskball,2,8,3,0.004277503117918968,5.74862003326416
baskball,2,8,4,0.003704134374856949,4.999494552612305
baskball,2,8,5,0.003903716802597046,6.007014036178589
bodyfat,1,4,1,0.0009725054260343313,38.42832159996033
bodyfat,1,4,2,0.0006112092523835599,14.176789283752441
bodyfat,1,4,3,0.000981324352324009,8.82031798362732
bodyfat,1,4,4,0.0002054373180726543,15.289623022079468
bodyfat,1,4,5,0.00034199104993604124,14.099532127380371
bodyfat,1,8,1,0.004073981661349535,83.91318368911743
bodyfat,1,8,2,0.004708034452050924,17.722737312316895
bodyfat,1,8,3,0.004676055628806353,7.519654989242554
bodyfat,1,8,4,0.004465279169380665,10.604015350341797
bodyfat,1,8,5,0.004168353974819183,14.229659080505371
bodyfat,2,4,1,0.003400785382837057,128.3382225036621
bodyfat,2,4,2,0.0008591897785663605,14.92004656791687
bodyfat,2,4,3,0.0019445730140432715,10.661935329437256
bodyfat,2,4,4,0.0002170237567042932,21.683157205581665
bodyfat,2,4,5,0.0003193018492311239,16.21211051940918
bodyfat,2,8,1,0.002076466102153063,94.95423698425293
bodyfat,2,8,2,0.0027438162360340357,3.4056284427642822
bodyfat,2,8,3,0.00036073982482776046,9.640032052993774
bodyfat,2,8,4,0.0031554782763123512,4.0502729415893555
bodyfat,2,8,5,0.0002472024061717093,9.193421602249146
breasttumor,1,4,1,0.01697276160120964,5.443873882293701
breasttumor,1,4,2,0.01917155832052231,2.0623629093170166
breasttumor,1,4,3,0.01873324066400528,1.9305734634399414
breasttumor,1,4,4,0.018256550654768944,1.84537935256958
breasttumor,1,4,5,0.02180306985974312,2.0041372776031494
breasttumor,1,8,1,0.017866529524326324,6.940756797790527
breasttumor,1,8,2,0.01851983182132244,3.0192341804504395
breasttumor,1,8,3,0.01963009312748909,2.4860501289367676
breasttumor,1,8,4,0.01708080805838108,2.2530174255371094
breasttumor,1,8,5,0.019013667479157448,1.942070484161377
breasttumor,2,4,1,0.014941977337002754,23.91817617416382
breasttumor,2,4,2,0.01620643585920334,4.277775764465332
breasttumor,2,4,3,0.01978280395269394,3.1842970848083496
breasttumor,2,4,4,0.014696765691041946,4.721838712692261
breasttumor,2,4,5,0.017389532178640366,3.310239315032959
breasttumor,2,8,1,0.016831425949931145,7.035944938659668
breasttumor,2,8,2,0.016156943514943123,2.238985061645508
breasttumor,2,8,3,0.019953936338424683,2.3464887142181396
breasttumor,2,8,4,0.017181767150759697,2.197382926940918
breasttumor,2,8,5,0.017574802041053772,2.038990020751953
cholesterol,1,4,1,0.002028831746429205,17.083834886550903
cholesterol,1,4,2,0.0021257249172776937,3.865657091140747
cholesterol,1,4,3,0.00239500030875206,4.167115211486816
cholesterol,1,4,4,0.0024884995073080063,3.1066782474517822
cholesterol,1,4,5,0.0023542814888060093,3.5113255977630615
cholesterol,1,8,1,0.0024512787349522114,35.02782368659973
cholesterol,1,8,2,0.0030334596522152424,7.089144706726074
cholesterol,1,8,3,0.0030778651125729084,4.107497215270996
cholesterol,1,8,4,0.003284041304141283,4.775012731552124
cholesterol,1,8,5,0.003195700002834201,5.6570048332214355
cholesterol,2,4,1,0.0013480610214173794,64.21934103965759
cholesterol,2,4,2,0.0022010672837495804,11.279300451278687
cholesterol,2,4,3,0.002056277357041836,17.786238193511963
cholesterol,2,4,4,0.002632686635479331,9.44240689277649
cholesterol,2,4,5,0.0020747329108417034,20.65729522705078
cholesterol,2,8,1,0.001382974092848599,19.26752281188965
cholesterol,2,8,2,0.0022171689197421074,3.774566411972046
cholesterol,2,8,3,0.0021241200156509876,2.924717903137207
cholesterol,2,8,4,0.0024422549176961184,1.9053215980529785
cholesterol,2,8,5,0.002390153706073761,3.4463822841644287
cleveland,1,4,1,0.025488832965493202,16.77699637413025
cleveland,1,4,2,0.02628789097070694,3.7151191234588623
cleveland,1,4,3,0.0324908047914505,2.4760501384735107
cleveland,1,4,4,0.02971464768052101,2.647523880004883
cleveland,1,4,5,0.029046624898910522,2.3281822204589844
cleveland,1,8,1,0.028221042826771736,12.785571098327637
cleveland,1,8,2,0.02918955311179161,3.9105312824249268
cleveland,1,8,3,0.03014477714896202,3.150463342666626
cleveland,1,8,4,0.02946278639137745,2.6608059406280518
cleveland,1,8,5,0.02901632711291313,4.190109968185425
cleveland,2,4,1,0.03759648650884628,45.61352896690369
cleveland,2,4,2,0.03376816213130951,5.740784645080566
cleveland,2,4,3,0.03704895079135895,4.815446138381958
cleveland,2,4,4,0.046235084533691406,8.436431646347046
cleveland,2,4,5,0.04030486196279526,6.433408975601196
cleveland,2,8,1,0.025180039927363396,21.787571907043457
cleveland,2,8,2,0.02519940957427025,3.265953540802002
cleveland,2,8,3,0.027937129139900208,2.7542836666107178
cleveland,2,8,4,0.028600364923477173,2.44840145111084
cleveland,2,8,5,0.026793276891112328,3.7314705848693848
cloud,1,4,1,0.02773936279118061,24.404802322387695
cloud,1,4,2,0.018921921029686928,4.539330959320068
cloud,1,4,3,0.02411796897649765,4.976604461669922
cloud,1,4,4,0.013554524630308151,7.104288101196289
cloud,1,4,5,0.020749559625983238,4.674503564834595
cloud,1,8,1,0.006045972928404808,40.970836877822876
cloud,1,8,2,0.0026582845021039248,9.059975624084473
cloud,1,8,3,0.003753730095922947,4.665103197097778
cloud,1,8,4,0.00418898556381464,14.0540611743927
cloud,1,8,5,0.0032563344575464725,6.892263650894165
cloud,2,4,1,0.008549042977392673,88.3214852809906
cloud,2,4,2,0.015667803585529327,8.584957599639893
cloud,2,4,3,0.008409117348492146,7.258359670639038
cloud,2,4,4,0.02712976187467575,22.285503387451172
cloud,2,4,5,0.004181357100605965,15.980563163757324
cloud,2,8,1,0.007803462445735931,50.029226779937744
cloud,2,8,2,0.0016872297273948789,3.2744784355163574
cloud,2,8,3,0.0026066931895911694,8.574513912200928
cloud,2,8,4,0.023779340088367462,5.090678691864014
cloud,2,8,5,0.003835861338302493,4.404722452163696
cpu,1,4,1,0.0015096991555765271,16.405959367752075
cpu,1,4,2,0.0009656825568526983,12.348078489303589
cpu,1,4,3,0.0015053756069391966,15.279757022857666
cpu,1,4,4,0.0008184793987311423,4.446959495544434
cpu,1,4,5,0.0010164781706407666,4.092131614685059
cpu,1,8,1,0.0016089051496237516,19.37865972518921
cpu,1,8,2,0.0015162182971835136,19.715405702590942
cpu,1,8,3,0.0016356221167370677,17.572073221206665
cpu,1,8,4,0.0014602335868403316,4.429162979125977
cpu,1,8,5,0.002467103535309434,9.148733615875244
cpu,2,4,1,0.002380307763814926,155.81299924850464
cpu,2,4,2,0.0018752336036413908,21.513392686843872
cpu,2,4,3,0.0026316309813410044,20.26060914993286
cpu,2,4,4,0.002421232406049967,13.811089038848877
cpu,2,4,5,0.0029597291722893715,8.5835120677948
cpu,2,8,1,0.00026476234779693186,66.31034779548645
cpu,2,8,2,0.0008183479076251388,2.6494996547698975
cpu,2,8,3,0.0003509244415909052,8.350923776626587
cpu,2,8,4,0.0006344891153275967,9.81920862197876
cpu,2,8,5,0.0016229294706135988,2.628174304962158
echomonths,1,4,1,0.023676279932260513,15.128519058227539
echomonths,1,4,2,0.02159472368657589,4.556218385696411
echomonths,1,4,3,0.024485327303409576,2.7633750438690186
echomonths,1,4,4,0.022354446351528168,2.5691096782684326
echomonths,1,4,5,0.03060595877468586,3.3831703662872314
echomonths,1,8,1,0.021140584722161293,9.624651670455933
echomonths,1,8,2,0.018631909042596817,4.785261392593384
echomonths,1,8,3,0.019181575626134872,2.6683621406555176
echomonths,1,8,4,0.021746467798948288,3.1207480430603027
echomonths,1,8,5,0.02643568441271782,1.950631856918335
echomonths,2,4,1,0.030039764940738678,17.027944087982178
echomonths,2,4,2,0.024906743317842484,8.311170816421509
echomonths,2,4,3,0.028441239148378372,4.621167898178101
echomonths,2,4,4,0.02830604836344719,8.274867296218872
echomonths,2,4,5,0.029199939221143723,16.29441237449646
echomonths,2,8,1,0.03273410722613335,358.60275888442993
echomonths,2,8,2,0.033258333802223206,3.235612392425537
echomonths,2,8,3,0.028635649010539055,5.139307737350464
echomonths,2,8,4,0.02835465967655182,16.044309854507446
echomonths,2,8,5,0.03241879865527153,2.5176970958709717
elusage,1,4,1,0.0076616136357188225,98.91999316215515
elusage,1,4,2,0.013888920657336712,3.9833407402038574
elusage,1,4,3,0.004798120353370905,4.652741193771362
elusage,1,4,4,0.0032837581820786,13.534796476364136
elusage,1,4,5,0.013869617134332657,2.765955686569214
elusage,1,8,1,0.01609794795513153,51.84801745414734
elusage,1,8,2,0.00832114927470684,8.072021961212158
elusage,1,8,3,0.004009832162410021,14.330411672592163
elusage,1,8,4,0.006881077773869038,13.319108724594116
elusage,1,8,5,0.013460563495755196,5.048812627792358
elusage,2,4,1,0.01469486579298973,73.23897433280945
elusage,2,4,2,0.018569665029644966,5.893044471740723
elusage,2,4,3,0.01528465561568737,7.034901857376099
elusage,2,4,4,0.01033012941479683,6.579962491989136
elusage,2,4,5,0.010843280702829361,5.0977678298950195
elusage,2,8,1,0.008570004254579544,551.3197252750397
elusage,2,8,2,0.01886919140815735,15.684739351272583
elusage,2,8,3,0.009137713350355625,16.489262104034424
elusage,2,8,4,0.004855114035308361,12.723676681518555
elusage,2,8,5,0.011645358055830002,6.079390287399292
fishcatch,1,4,1,0.0021383704151958227,89.28153681755066
fishcatch,1,4,2,0.0007494413293898106,14.449023485183716
fishcatch,1,4,3,0.0007706207106821239,16.477064609527588
fishcatch,1,4,4,0.0009771328186616302,22.69124484062195
fishcatch,1,4,5,0.001438515493646264,20.452645778656006
fishcatch,1,8,1,0.0023860044311732054,50.11604428291321
fishcatch,1,8,2,0.000344029744155705,18.40150260925293
fishcatch,1,8,3,0.0011470060562714934,11.210516452789307
fishcatch,1,8,4,0.0010201745899394155,10.487692594528198
fishcatch,1,8,5,0.0010751832742244005,8.758494853973389
fishcatch,2,4,1,0.004777802154421806,177.04509782791138
fishcatch,2,4,2,0.0003103886265307665,15.32610011100769
fishcatch,2,4,3,0.00032111024484038353,26.965338230133057
fishcatch,2,4,4,0.001863956917077303,17.520361185073853
fishcatch,2,4,5,0.0010461993515491486,11.884840488433838
fishcatch,2,8,1,0.0003965913492720574,14.215341806411743
fishcatch,2,8,2,0.000835423415992409,5.920973062515259
fishcatch,2,8,3,0.000218212153413333,18.39741539955139
fishcatch,2,8,4,0.0006772310589440167,16.530930995941162
fishcatch,2,8,5,0.0005589204374700785,8.972776889801025
fruitfly,1,4,1,0.02889173850417137,18.248223543167114
fruitfly,1,4,2,0.02457885816693306,2.99885892868042
fruitfly,1,4,3,0.033628158271312714,2.626685380935669
fruitfly,1,4,4,0.0295821912586689,9.066202163696289
fruitfly,1,4,5,0.03437238559126854,3.595672845840454
fruitfly,1,8,1,0.03045552223920822,29.105965852737427
fruitfly,1,8,2,0.02441423386335373,1.5914697647094727
fruitfly,1,8,3,0.036072105169296265,1.5591239929199219
fruitfly,1,8,4,0.03225446492433548,1.782313346862793
fruitfly,1,8,5,0.03412546589970589,1.8122093677520752
fruitfly,2,4,1,0.029778145253658295,12.380990743637085
fruitfly,2,4,2,0.024684196338057518,2.09275221824646
fruitfly,2,4,3,0.03239913284778595,1.7521276473999023
fruitfly,2,4,4,0.028692755848169327,1.7810773849487305
fruitfly,2,4,5,0.03536180034279823,3.063809394836426
fruitfly,2,8,1,0.03133663162589073,18.508621215820312
fruitfly,2,8,2,0.0248245932161808,1.9681310653686523
fruitfly,2,8,3,0.03598498925566673,1.8628249168395996
fruitfly,2,8,4,0.030771810561418533,2.4129555225372314
fruitfly,2,8,5,0.03365178406238556,1.8714425563812256
housing,1,4,1,0.006418234668672085,68.26497745513916
housing,1,4,2,0.0017337559256702662,8.087007999420166
housing,1,4,3,0.0024471785873174667,9.453747034072876
housing,1,4,4,0.0015333456685766578,11.319378852844238
housing,1,4,5,0.0017229642253369093,11.170789241790771
housing,1,8,1,0.0018485565669834614,58.770768880844116
housing,1,8,2,0.0015706373378634453,12.618176460266113
housing,1,8,3,0.002132971538230777,6.886244773864746
housing,1,8,4,0.0015352768823504448,4.999801874160767
housing,1,8,5,0.0018171942792832851,10.19706106185913
housing,2,4,1,0.0022957592736929655,343.2907404899597
housing,2,4,2,0.005475408397614956,13.556040048599243
housing,2,4,3,0.0020012659952044487,17.99367380142212
housing,2,4,4,0.001621742732822895,22.075209617614746
housing,2,4,5,0.0017003761604428291,13.692868709564209
housing,2,8,1,0.001805286156013608,151.45377397537231
housing,2,8,2,0.0015634308801963925,9.075852155685425
housing,2,8,3,0.0015655405586585402,8.099944829940796
housing,2,8,4,0.0014009837759658694,10.358911514282227
housing,2,8,5,0.0017080341931432486,8.823141813278198
lowbwt,1,4,1,0.003684108378365636,171.6531765460968
lowbwt,1,4,2,0.003604153636842966,6.8480024337768555
lowbwt,1,4,3,0.003095492720603943,5.176785469055176
lowbwt,1,4,4,0.004524461925029755,14.441095352172852
lowbwt,1,4,5,0.001492480281740427,10.974505186080933
lowbwt,1,8,1,0.004468762315809727,35.421590089797974
lowbwt,1,8,2,0.0035623363219201565,3.2564048767089844
lowbwt,1,8,3,0.002724891761317849,2.8974976539611816
lowbwt,1,8,4,0.003991312347352505,3.04785418510437
lowbwt,1,8,5,0.0015613953582942486,4.668415069580078
lowbwt,2,4,1,0.006582968402653933,18.235641717910767
lowbwt,2,4,2,0.005385798402130604,5.4335243701934814
lowbwt,2,4,3,0.003940659575164318,5.870891809463501
lowbwt,2,4,4,0.006073866039514542,5.934180736541748
lowbwt,2,4,5,0.0031994804739952087,9.517847299575806
lowbwt,2,8,1,0.004659639671444893,29.83857011795044
lowbwt,2,8,2,0.0033694047015160322,2.2318530082702637
lowbwt,2,8,3,0.00351303955540061,2.3674490451812744
lowbwt,2,8,4,0.00368362944573164,2.14093279838562
lowbwt,2,8,5,0.0009202795336022973,2.3577351570129395
lymphoma.mkatayama,1,4,1,2.9747822284698486,29.39536452293396
lymphoma.mkatayama,1,4,2,4.206898212432861,3.3740921020507812
lymphoma.mkatayama,1,4,3,0.6281582117080688,5.334103584289551
lymphoma.mkatayama,1,4,4,2.3308889865875244,3.821589469909668
lymphoma.mkatayama,1,4,5,3.4998550415039062,2.500555992126465
lymphoma.mkatayama,1,8,1,1.0104221105575562,30.910303115844727
lymphoma.mkatayama,1,8,2,4.91346549987793,3.0516037940979004
lymphoma.mkatayama,1,8,3,0.6506268978118896,3.7548015117645264
lymphoma.mkatayama,1,8,4,3.0683367252349854,2.367950677871704
lymphoma.mkatayama,1,8,5,4.601863861083984,1.966118574142456
lymphoma.mkatayama,2,4,1,1.0067849159240723,291.06320118904114
lymphoma.mkatayama,2,4,2,3.79679799079895,13.259582757949829
lymphoma.mkatayama,2,4,3,0.9418808221817017,13.331037998199463
lymphoma.mkatayama,2,4,4,2.581418752670288,11.12663722038269
lymphoma.mkatayama,2,4,5,3.3556597232818604,16.281304359436035
lymphoma.mkatayama,2,8,1,1.0322017669677734,36.80933713912964
lymphoma.mkatayama,2,8,2,3.924194812774658,3.7977213859558105
lymphoma.mkatayama,2,8,3,0.6138010621070862,3.423030376434326
lymphoma.mkatayama,2,8,4,2.280851364135742,2.5906124114990234
lymphoma.mkatayama,2,8,5,3.4238510131835938,2.071263313293457
lymphoma.tdh,1,4,1,2.0996522903442383,14.221258163452148
lymphoma.tdh,1,4,2,0.7084842920303345,8.127754926681519
lymphoma.tdh,1,4,3,3.455653429031372,2.0470118522644043
lymphoma.tdh,1,4,4,1.718621850013733,4.783749341964722
lymphoma.tdh,1,4,5,2.3192124366760254,2.4997751712799072
lymphoma.tdh,1,8,1,2.731837749481201,13.827815532684326
lymphoma.tdh,1,8,2,1.140303373336792,4.595728158950806
lymphoma.tdh,1,8,3,3.683727979660034,1.8596000671386719
lymphoma.tdh,1,8,4,1.8172411918640137,5.19513726234436
lymphoma.tdh,1,8,5,2.8129425048828125,1.87101411819458
lymphoma.tdh,2,4,1,2.4828991889953613,213.44153594970703
lymphoma.tdh,2,4,2,0.6522797346115112,7.575238466262817
lymphoma.tdh,2,4,3,1.7093430757522583,12.092772245407104
lymphoma.tdh,2,4,4,1.593543529510498,20.621360301971436
lymphoma.tdh,2,4,5,2.8444461822509766,15.712594270706177
lymphoma.tdh,2,8,1,2.036007881164551,10.91543197631836
lymphoma.tdh,2,8,2,0.8605966567993164,5.544522285461426
lymphoma.tdh,2,8,3,3.0456480979919434,2.0015482902526855
lymphoma.tdh,2,8,4,1.595345377922058,4.6331470012664795
lymphoma.tdh,2,8,5,2.1643455028533936,2.141775369644165
machine.cpu,1,4,1,0.0006980171892791986,120.23539757728577
machine.cpu,1,4,2,0.000546292110811919,6.304508447647095
machine.cpu,1,4,3,0.0007611391483806074,9.718283891677856
machine.cpu,1,4,4,0.0010310941142961383,5.120079755783081
machine.cpu,1,4,5,0.0008674194104969501,8.614000082015991
machine.cpu,1,8,1,0.0017819395288825035,39.67689800262451
machine.cpu,1,8,2,0.0005626941565424204,5.7928125858306885
machine.cpu,1,8,3,0.000343224557582289,9.760218620300293
machine.cpu,1,8,4,0.0016809022054076195,7.93778920173645
machine.cpu,1,8,5,0.0004554579791147262,10.506715297698975
machine.cpu,2,4,1,0.0028866578359156847,7.426771640777588
machine.cpu,2,4,2,0.0028039768803864717,11.448873281478882
machine.cpu,2,4,3,0.003242101985961199,7.39702582359314
machine.cpu,2,4,4,0.002811197191476822,10.235575437545776
machine.cpu,2,4,5,0.002320747822523117,8.969728469848633
machine.cpu,2,8,1,0.000645172840449959,109.29976534843445
machine.cpu,2,8,2,0.00045188749209046364,4.8205788135528564
machine.cpu,2,8,3,0.0008021186804398894,5.242684602737427
machine.cpu,2,8,4,0.0006411580834537745,4.7699034214019775
machine.cpu,2,8,5,0.00048424809938296676,7.7012128829956055
mbagrade,1,4,1,0.0007407823577523232,126.52180314064026
mbagrade,1,4,2,0.0005545628955587745,2.3704681396484375
mbagrade,1,4,3,0.0014459992526099086,2.2002322673797607
mbagrade,1,4,4,0.0003098609740845859,33.650168657302856
mbagrade,1,4,5,0.0015418201219290495,2.260021686553955
mbagrade,1,8,1,0.0008051369804888964,155.42532896995544
mbagrade,1,8,2,0.00034996477188542485,15.100861310958862
mbagrade,1,8,3,0.0005081146955490112,13.989362239837646
mbagrade,1,8,4,0.00023811600112821907,14.53635835647583
mbagrade,1,8,5,0.0011123701697215438,5.822075366973877
mbagrade,2,4,1,0.0003297566727269441,239.62672638893127
mbagrade,2,4,2,0.0005158980493433774,28.684696197509766
mbagrade,2,4,3,0.0004809704842045903,28.647547483444214
mbagrade,2,4,4,0.0002974296803586185,31.980629682540894
mbagrade,2,4,5,0.0006393560906872153,28.970285177230835
mbagrade,2,8,1,0.00039847579319030046,308.7527313232422
mbagrade,2,8,2,0.0005551392678171396,3.5724499225616455
mbagrade,2,8,3,0.0011660309974104166,3.3631255626678467
mbagrade,2,8,4,0.0002925387816503644,20.094231843948364
mbagrade,2,8,5,0.0022864630445837975,19.044697761535645
meta,1,4,1,0.003516373224556446,42.802645444869995
meta,1,4,2,0.008679863065481186,5.0745017528533936
meta,1,4,3,0.007952943444252014,3.0657174587249756
meta,1,4,4,0.008358463644981384,3.5888659954071045
meta,1,4,5,0.007074097637087107,2.778053045272827
meta,1,8,1,0.0033628917299211025,15.434771537780762
meta,1,8,2,0.008415394462645054,1.9198174476623535
meta,1,8,3,0.008058534935116768,2.115879535675049
meta,1,8,4,0.007954049855470657,2.1001696586608887
meta,1,8,5,0.006012671627104282,1.9720885753631592
meta,2,4,1,0.0032617023680359125,90.059978723526
meta,2,4,2,0.008688639849424362,3.513338327407837
meta,2,4,3,0.008685333654284477,3.501885414123535
meta,2,4,4,0.008416891098022461,3.652365207672119
meta,2,4,5,0.005310130305588245,21.67936635017395
meta,2,8,1,0.003506341017782688,66.36060810089111
meta,2,8,2,0.008255984634160995,2.25742506980896
meta,2,8,3,0.007570342626422644,2.374681234359741
meta,2,8,4,0.008086003363132477,2.691497802734375
meta,2,8,5,0.00603616563603282,2.372993230819702
pbc,1,4,1,0.013655759394168854,59.30994009971619
pbc,1,4,2,0.016871314495801926,8.018094301223755
pbc,1,4,3,0.013434866443276405,4.117298126220703
pbc,1,4,4,0.014820579439401627,4.139057874679565
pbc,1,4,5,0.012845082208514214,2.708348512649536
pbc,1,8,1,0.014578079804778099,39.35719180107117
pbc,1,8,2,0.017045948654413223,2.076181650161743
pbc,1,8,3,0.01453532837331295,2.683138608932495
pbc,1,8,4,0.013518084771931171,2.2693560123443604
pbc,1,8,5,0.01386406272649765,2.2696783542633057
pbc,2,4,1,0.012722346931695938,94.60844564437866
pbc,2,4,2,0.015588844195008278,2.7249839305877686
pbc,2,4,3,0.013980051502585411,3.4662580490112305
pbc,2,4,4,0.013762567192316055,2.786119222640991
pbc,2,4,5,0.015297988429665565,4.1694159507751465
pbc,2,8,1,0.013387110084295273,126.58833312988281
pbc,2,8,2,0.017771724611520767,3.3634414672851562
pbc,2,8,3,0.013203747570514679,4.759337902069092
pbc,2,8,4,0.01541021279990673,3.5957703590393066
pbc,2,8,5,0.015031088143587112,4.216874361038208
pharynx,1,4,1,0.024728039279580116,6.606202840805054
pharynx,1,4,2,0.02976720780134201,2.1748440265655518
pharynx,1,4,3,0.022663749754428864,2.322575807571411
pharynx,1,4,4,0.022625813260674477,2.4249446392059326
pharynx,1,4,5,0.019135257229208946,3.4857304096221924
pharynx,1,8,1,0.020638763904571533,14.688817262649536
pharynx,1,8,2,0.024138230830430984,1.689638614654541
pharynx,1,8,3,0.02173466607928276,1.8320560455322266
pharynx,1,8,4,0.019922660663723946,1.8499820232391357
pharynx,1,8,5,0.01886092685163021,2.5929176807403564
pharynx,2,4,1,0.027054162696003914,8.30100679397583
pharynx,2,4,2,0.030401743948459625,4.557841062545776
pharynx,2,4,3,0.029007265344262123,4.844395399093628
pharynx,2,4,4,0.0300592053681612,10.548941373825073
pharynx,2,4,5,0.022793132811784744,6.1935529708862305
pharynx,2,8,1,0.020559970289468765,34.04227042198181
pharynx,2,8,2,0.0274566188454628,1.9813008308410645
pharynx,2,8,3,0.023490216583013535,1.9417448043823242
pharynx,2,8,4,0.021224860101938248,1.9799578189849854
pharynx,2,8,5,0.018885957077145576,2.155181646347046
pollution,1,4,1,0.0019583329558372498,11.880961894989014
pollution,1,4,2,0.0019525781972333789,19.60542392730713
pollution,1,4,3,0.002186928875744343,13.100069284439087
pollution,1,4,4,0.00059746322222054,21.72359561920166
pollution,1,4,5,0.000821768946480006,17.481150150299072
pollution,1,8,1,2.9248269129311666e-05,3.219550132751465
pollution,1,8,2,1.8543776604929008e-05,1.987870216369629
pollution,1,8,3,0.000663332873955369,36.84321308135986
pollution,1,8,4,0.00011843063111882657,13.756600618362427
pollution,1,8,5,5.512612915481441e-05,15.645675659179688
pollution,2,4,1,0.00011620009172474965,16.13359785079956
pollution,2,4,2,0.00011326056119287387,15.911468505859375
pollution,2,4,3,0.00037863230681978166,33.49438762664795
pollution,2,4,4,0.00010801968164741993,18.383506536483765
pollution,2,4,5,0.00016166795103345066,17.79550790786743
pollution,2,8,1,0.00016010072431527078,94.89603471755981
pollution,2,8,2,0.00013205190771259367,5.25545859336853
pollution,2,8,3,0.00029650836950168014,20.51960062980652
pollution,2,8,4,0.00011792538862209767,22.032635927200317
pollution,2,8,5,0.0001641310955164954,5.573376417160034
pwlinear,1,4,1,0.006340634077787399,77.97283458709717
pwlinear,1,4,2,0.005131874233484268,4.1708996295928955
pwlinear,1,4,3,0.004983842372894287,8.786553144454956
pwlinear,1,4,4,0.005413362756371498,6.736812114715576
pwlinear,1,4,5,0.0061176070012152195,7.097434043884277
pwlinear,1,8,1,0.004396885633468628,72.59173369407654
pwlinear,1,8,2,0.003625731449574232,7.239789009094238
pwlinear,1,8,3,0.005310269072651863,6.364748477935791
pwlinear,1,8,4,0.00434722937643528,3.7015573978424072
pwlinear,1,8,5,0.004438554402440786,4.002570152282715
pwlinear,2,4,1,0.011711420491337776,314.89122915267944
pwlinear,2,4,2,0.013382436707615852,12.418305397033691
pwlinear,2,4,3,0.015999797731637955,6.107106447219849
pwlinear,2,4,4,0.011702153831720352,17.953060150146484
pwlinear,2,4,5,0.011939087882637978,12.455274820327759
pwlinear,2,8,1,0.003677364904433489,91.63678741455078
pwlinear,2,8,2,0.004219250753521919,4.53516960144043
pwlinear,2,8,3,0.0035781317856162786,3.8601133823394775
pwlinear,2,8,4,0.003174366895109415,6.787500381469727
pwlinear,2,8,5,0.003776876488700509,5.521324634552002
pyrim,1,4,1,0.016502389684319496,16.32943820953369
pyrim,1,4,2,0.007834533229470253,3.9001591205596924
pyrim,1,4,3,0.010743310675024986,2.8946452140808105
pyrim,1,4,4,0.0006691001472063363,3.294715642929077
pyrim,1,4,5,0.010287138633430004,1.9691848754882812
pyrim,1,8,1,0.020602677017450333,190.12680912017822
pyrim,1,8,2,0.02751297689974308,2.275908946990967
pyrim,1,8,3,0.007711231708526611,16.516526222229004
pyrim,1,8,4,0.0050653498619794846,2.8570194244384766
pyrim,1,8,5,0.007608980406075716,4.6227617263793945
pyrim,2,4,1,0.011600306257605553,17.512254238128662
pyrim,2,4,2,0.00943661481142044,28.996994495391846
pyrim,2,4,3,0.01140960305929184,16.906546592712402
pyrim,2,4,4,0.0015158250462263823,15.331776857376099
pyrim,2,4,5,0.008355154655873775,9.744706630706787
pyrim,2,8,1,0.011023884639143944,317.1963310241699
pyrim,2,8,2,0.009743938222527504,17.223531007766724
pyrim,2,8,3,0.016663435846567154,15.610670566558838
pyrim,2,8,4,0.0010336877312511206,5.346542835235596
pyrim,2,8,5,0.015034481883049011,19.281180381774902
sensory,1,4,1,0.0005744034424424171,246.0946352481842
sensory,1,4,2,0.00030982529278844595,6.224170684814453
sensory,1,4,3,0.00031816359842196107,9.674433708190918
sensory,1,4,4,0.00024850829504430294,20.039005041122437
sensory,1,4,5,0.0003007079940289259,15.690662622451782
sensory,1,8,1,0.00034034764394164085,278.23678636550903
sensory,1,8,2,0.000609438051469624,4.2052998542785645
sensory,1,8,3,0.0003823795123025775,7.860637664794922
sensory,1,8,4,0.000437725248048082,9.203789234161377
sensory,1,8,5,0.0003063474432565272,8.651422023773193
sensory,2,4,1,0.00017819080676417798,17.36856746673584
sensory,2,4,2,0.00022320430434774607,10.572065591812134
sensory,2,4,3,0.00017142840079031885,15.426667213439941
sensory,2,4,4,0.0001917153422255069,17.45813012123108
sensory,2,4,5,0.0001652819337323308,7.89860463142395
sensory,2,8,1,0.00034530393895693123,294.017041683197
sensory,2,8,2,0.0005957219400443137,6.827517032623291
sensory,2,8,3,0.000341527396813035,6.964850664138794
sensory,2,8,4,0.0003197210025973618,18.865577697753906
sensory,2,8,5,0.0004583190311677754,13.88385796546936
servo,1,4,1,0.005059686955064535,3.863900899887085
servo,1,4,2,0.006484775338321924,4.801609992980957
servo,1,4,3,0.005677546840161085,8.6268310546875
servo,1,4,4,0.010851878672838211,4.35151481628418
servo,1,4,5,0.005224514752626419,5.017657518386841
servo,1,8,1,0.008460184559226036,52.27330255508423
servo,1,8,2,0.008038979023694992,6.4769816398620605
servo,1,8,3,0.0065709976479411125,3.4593112468719482
servo,1,8,4,0.009909228421747684,2.553112268447876
servo,1,8,5,0.0048524849116802216,3.733506202697754
servo,2,4,1,0.005923578981310129,81.52627396583557
servo,2,4,2,0.006079524289816618,6.6140456199646
servo,2,4,3,0.008335703983902931,4.5854902267456055
servo,2,4,4,0.011596353724598885,8.63272738456726
servo,2,4,5,0.0064032431691884995,6.0120415687561035
servo,2,8,1,0.006461731623858213,4.194016933441162
servo,2,8,2,0.008630365133285522,2.355942726135254
servo,2,8,3,0.005208350718021393,3.325549364089966
servo,2,8,4,0.008065967820584774,2.9788098335266113
servo,2,8,5,0.003107951721176505,10.649813652038574
simulated.abs,1,4,1,3.305999279022217,220.20785474777222
simulated.abs,1,4,2,3.543612480163574,10.733738660812378
simulated.abs,1,4,3,3.2916486263275146,14.050551414489746
simulated.abs,1,4,4,3.148738145828247,14.05275273323059
simulated.abs,1,4,5,3.181023359298706,7.311423301696777
simulated.abs,1,8,1,3.358102321624756,28.09253978729248
simulated.abs,1,8,2,3.596524238586426,3.485323905944824
simulated.abs,1,8,3,3.516676664352417,2.28332781791687
simulated.abs,1,8,4,3.408684253692627,2.8747353553771973
simulated.abs,1,8,5,3.3980929851531982,2.954275369644165
simulated.abs,2,4,1,3.2590086460113525,4.476794719696045
simulated.abs,2,4,2,3.353681802749634,17.10654377937317
simulated.abs,2,4,3,3.396693706512451,4.444360733032227
simulated.abs,2,4,4,3.431995391845703,5.001579761505127
simulated.abs,2,4,5,3.304509401321411,7.1518754959106445
simulated.abs,2,8,1,3.2883925437927246,39.877941608428955
simulated.abs,2,8,2,3.5420479774475098,2.8872127532958984
simulated.abs,2,8,3,3.380013942718506,2.1873693466186523
simulated.abs,2,8,4,3.3180482387542725,2.140434980392456
simulated.abs,2,8,5,3.416940450668335,3.304708480834961
simulated.linear,1,4,1,0.03414429351687431,16.097021102905273
simulated.linear,1,4,2,0.03912917524576187,18.20134687423706
simulated.linear,1,4,3,0.018560685217380524,19.830890893936157
simulated.linear,1,4,4,0.10515828430652618,13.860751628875732
simulated.linear,1,4,5,0.08550751209259033,10.832292556762695
simulated.linear,1,8,1,0.04166226461529732,226.76131534576416
simulated.linear,1,8,2,0.06236983463168144,12.78137493133545
simulated.linear,1,8,3,0.02312168851494789,22.26302218437195
simulated.linear,1,8,4,0.021427446976304054,28.881731033325195
simulated.linear,1,8,5,0.09703381359577179,21.880216598510742
simulated.linear,2,4,1,0.10243801772594452,238.10439372062683
simulated.linear,2,4,2,0.12454017996788025,26.482213258743286
simulated.linear,2,4,3,0.19671118259429932,16.149555444717407
simulated.linear,2,4,4,0.1220690980553627,19.694339513778687
simulated.linear,2,4,5,0.08275935798883438,14.411041975021362
simulated.linear,2,8,1,0.05980764329433441,3.8515992164611816
simulated.linear,2,8,2,0.07075990736484528,8.538286447525024
simulated.linear,2,8,3,0.037478502839803696,13.605583906173706
simulated.linear,2,8,4,0.026199495419859886,11.59337592124939
simulated.linear,2,8,5,0.028505362570285797,10.891849994659424
simulated.sin,1,4,1,0.3540019392967224,8.642297744750977
simulated.sin,1,4,2,0.4207378923892975,1.4891409873962402
simulated.sin,1,4,3,0.41428402066230774,1.3959228992462158
simulated.sin,1,4,4,0.34040388464927673,1.6159782409667969
simulated.sin,1,4,5,0.413437157869339,1.5786588191986084
simulated.sin,1,8,1,0.3456721603870392,10.021617889404297
simulated.sin,1,8,2,0.3964565098285675,1.4418766498565674
simulated.sin,1,8,3,0.3856731355190277,1.480914831161499
simulated.sin,1,8,4,0.3291717767715454,1.5163066387176514
simulated.sin,1,8,5,0.38467633724212646,1.430722713470459
simulated.sin,2,4,1,0.3512130677700043,72.32523846626282
simulated.sin,2,4,2,0.40377432107925415,4.510199785232544
simulated.sin,2,4,3,0.40978360176086426,4.331424236297607
simulated.sin,2,4,4,0.33486407995224,2.4451968669891357
simulated.sin,2,4,5,0.4015201926231384,2.4977633953094482
simulated.sin,2,8,1,0.3383679986000061,38.2172269821167
simulated.sin,2,8,2,0.3957330286502838,1.8388395309448242
simulated.sin,2,8,3,0.37969180941581726,2.0571095943450928
simulated.sin,2,8,4,0.32353881001472473,2.0417375564575195
simulated.sin,2,8,5,0.3921033442020416,2.1963305473327637
sleep,1,4,1,0.006682372651994228,46.22749137878418
sleep,1,4,2,0.017232095822691917,2.6398513317108154
sleep,1,4,3,0.009934699162840843,9.224610567092896
sleep,1,4,4,0.0031955107115209103,9.861340522766113
sleep,1,4,5,0.006147168111056089,5.475686550140381
sleep,1,8,1,0.006548728793859482,57.16029953956604
sleep,1,8,2,0.006821126211434603,2.095705986022949
sleep,1,8,3,0.006005499977618456,2.5467915534973145
sleep,1,8,4,0.003928769379854202,3.304551839828491
sleep,1,8,5,0.0036111902445554733,2.3730204105377197
sleep,2,4,1,0.013330936431884766,8.90057110786438
sleep,2,4,2,0.01424748171120882,4.744359731674194
sleep,2,4,3,0.013776115141808987,6.800994634628296
sleep,2,4,4,0.0058934916742146015,8.192418575286865
sleep,2,4,5,0.008829524740576744,14.22844386100769
sleep,2,8,1,0.004834159277379513,4.326106786727905
sleep,2,8,2,0.01023658737540245,3.312044382095337
sleep,2,8,3,0.007359973154962063,3.7720141410827637
sleep,2,8,4,0.0021273416932672262,6.53260612487793
sleep,2,8,5,0.006169972475618124,4.16865873336792
stock,1,4,1,0.00017612057854421437,14.710981845855713
stock,1,4,2,0.00031835288973525167,13.172085523605347
stock,1,4,3,0.00017583515727892518,12.87440037727356
stock,1,4,4,0.00017200304137077183,19.04436469078064
stock,1,4,5,0.00021265808027237654,14.100853204727173
stock,1,8,1,0.00023406583932228386,17.71930694580078
stock,1,8,2,0.00045144360046833754,14.442753553390503
stock,1,8,3,0.00021076152916066349,14.033898115158081
stock,1,8,4,0.00023210991639643908,22.328161478042603
stock,1,8,5,0.00018138365703634918,19.02369499206543
stock,2,4,1,0.0003046286292374134,16.61559271812439
stock,2,4,2,0.0007742397137917578,20.572481155395508
stock,2,4,3,0.0003709543962031603,24.780282020568848
stock,2,4,4,0.0004857427265960723,13.396697521209717
stock,2,4,5,0.0004082057566847652,17.00722575187683
stock,2,8,1,0.00019525624520611018,164.21289920806885
stock,2,8,2,0.00034354926901869476,9.089558601379395
stock,2,8,3,0.00020252022659406066,10.164811611175537
stock,2,8,4,0.0001885020756162703,13.920449256896973
stock,2,8,5,0.00023115343356039375,13.818178653717041
strike,1,4,1,0.006698056124150753,5.105350017547607
strike,1,4,2,0.006962774321436882,7.6827147006988525
strike,1,4,3,0.007492112461477518,6.187339782714844
strike,1,4,4,0.00452015595510602,7.249943733215332
strike,1,4,5,0.00369070703163743,13.422358751296997
strike,1,8,1,0.00682485569268465,5.628248691558838
strike,1,8,2,0.007170787081122398,3.8782527446746826
strike,1,8,3,0.00763337779790163,4.273866415023804
strike,1,8,4,0.004849045537412167,6.022440433502197
strike,1,8,5,0.003897777758538723,7.252789258956909
strike,2,4,1,0.007095069624483585,13.036250352859497
strike,2,4,2,0.007300426252186298,15.05884575843811
strike,2,4,3,0.007962525822222233,17.33066415786743
strike,2,4,4,0.005224084015935659,19.322479248046875
strike,2,4,5,0.004504954442381859,12.258965492248535
strike,2,8,1,0.0066687362268567085,2.4210989475250244
strike,2,8,2,0.007244632579386234,2.5229687690734863
strike,2,8,3,0.007183585315942764,2.2325398921966553
strike,2,8,4,0.004656098783016205,2.3107523918151855
strike,2,8,5,0.0035685463808476925,2.7440102100372314
triazines,1,4,1,0.013520684093236923,47.38193392753601
triazines,1,4,2,0.014683333225548267,4.236569404602051
triazines,1,4,3,0.017000306397676468,1.8799984455108643
triazines,1,4,4,0.007992025464773178,3.2440450191497803
triazines,1,4,5,0.014259298332035542,1.975278377532959
triazines,1,8,1,0.013908736407756805,4.335538625717163
triazines,1,8,2,0.018399937078356743,3.8482608795166016
triazines,1,8,3,0.01524409931153059,3.760117769241333
triazines,1,8,4,0.012414861470460892,3.5308170318603516
triazines,1,8,5,0.019224314019083977,4.275496006011963
triazines,2,4,1,0.010581761598587036,46.098331689834595
triazines,2,4,2,0.015627173706889153,2.4117908477783203
triazines,2,4,3,0.010865569114685059,3.8792290687561035
triazines,2,4,4,0.008998062461614609,2.692507028579712
triazines,2,4,5,0.011602247133851051,2.1040098667144775
triazines,2,8,1,0.01371966302394867,67.54459190368652
triazines,2,8,2,0.015469332225620747,2.634000062942505
triazines,2,8,3,0.014547562226653099,2.580899477005005
triazines,2,8,4,0.009503711014986038,2.258983612060547
triazines,2,8,5,0.013411943800747395,1.7818636894226074
veteran,1,4,1,0.014968356117606163,3.2615585327148438
veteran,1,4,2,0.018465548753738403,1.652686357498169
veteran,1,4,3,0.018059473484754562,3.558035135269165
veteran,1,4,4,0.01671759970486164,3.192810535430908
veteran,1,4,5,0.01371564157307148,2.821417808532715
veteran,1,8,1,0.014999162405729294,18.314929723739624
veteran,1,8,2,0.013877972029149532,2.245943546295166
veteran,1,8,3,0.013744987547397614,3.4373843669891357
veteran,1,8,4,0.01435780618339777,2.7372634410858154
veteran,1,8,5,0.01031664852052927,2.1268997192382812
veteran,2,4,1,0.01742119900882244,96.68879318237305
veteran,2,4,2,0.014599504880607128,2.9778945446014404
veteran,2,4,3,0.01043313555419445,8.607152462005615
veteran,2,4,4,0.017160259187221527,10.569026470184326
veteran,2,4,5,0.010983038693666458,3.190201997756958
veteran,2,8,1,0.01699693687260151,92.55788373947144
veteran,2,8,2,0.01634286344051361,16.28015112876892
veteran,2,8,3,0.010912991128861904,4.63411021232605
veteran,2,8,4,0.011590349487960339,5.591924667358398
veteran,2,8,5,0.012581873685121536,6.529815912246704
vineyard,1,4,1,0.013859442435204983,84.7479841709137
vineyard,1,4,2,0.01198840606957674,3.1365981101989746
vineyard,1,4,3,0.003792347852140665,3.0896878242492676
vineyard,1,4,4,0.0010244869627058506,26.085113763809204
vineyard,1,4,5,0.002658828627318144,6.868410110473633
vineyard,1,8,1,0.008051412180066109,85.57890057563782
vineyard,1,8,2,0.006693034432828426,8.733242511749268
vineyard,1,8,3,0.0040860362350940704,12.030394315719604
vineyard,1,8,4,0.0008240918396040797,15.747212171554565
vineyard,1,8,5,0.004811151884496212,6.376286268234253
vineyard,2,4,1,0.013035093434154987,96.77927207946777
vineyard,2,4,2,0.013210865668952465,17.30688214302063
vineyard,2,4,3,0.007744270842522383,16.566765785217285
vineyard,2,4,4,0.0020866957493126392,20.754777908325195
vineyard,2,4,5,0.01067829504609108,16.757396936416626
vineyard,2,8,1,0.006277245469391346,45.32917070388794
vineyard,2,8,2,0.007524082902818918,3.1027069091796875
vineyard,2,8,3,0.009335141628980637,2.1142613887786865
vineyard,2,8,4,0.0014334314037114382,15.534794330596924
vineyard,2,8,5,0.009930177591741085,4.201192617416382
wisconsin,1,4,1,0.04254532232880592,65.87328696250916
wisconsin,1,4,2,0.03690929338335991,6.338043212890625
wisconsin,1,4,3,0.03887157142162323,5.907060146331787
wisconsin,1,4,4,0.04380644112825394,5.08506441116333
wisconsin,1,4,5,0.044715315103530884,5.7653117179870605
wisconsin,1,8,1,0.036778248846530914,16.865094423294067
wisconsin,1,8,2,0.03704213351011276,2.3694188594818115
wisconsin,1,8,3,0.03892846778035164,2.4859657287597656
wisconsin,1,8,4,0.04122719168663025,2.3281898498535156
wisconsin,1,8,5,0.039492007344961166,2.3655240535736084
wisconsin,2,4,1,0.03590342774987221,23.679481506347656
wisconsin,2,4,2,0.03520021215081215,2.627821683883667
wisconsin,2,4,3,0.03883374482393265,2.7308874130249023
wisconsin,2,4,4,0.042463116347789764,1.9107983112335205
wisconsin,2,4,5,0.03584764152765274,3.087094306945801
wisconsin,2,8,1,0.03550184890627861,33.185025691986084
wisconsin,2,8,2,0.03587597608566284,3.602872133255005
wisconsin,2,8,3,0.03883322328329086,2.6790695190429688
wisconsin,2,8,4,0.036857906728982925,3.1487090587615967
wisconsin,2,8,5,0.036960452795028687,2.90018630027771
