X0,X1,X2,X3,X4,X5,X6,X7,X8,X9,X10,X11,X12,X13,X14,X15,X16,X17,X18,X19,X20,X21,X22,X23,X24,X25,X26,X27,X28,X29,X30,X31,X32,X33,X34,X35,X36,X37,X38,X39,X40,X41,X42,X43,X44,X45,X46,X47,X48,X49,X50,X51,X52,X53,X54,X55,X56,X57,X58,X59
0.58,0.233,0.1,0.1,0.1,0.5,0.1,0.5,0.9,0.1,0.1,0.1,0.1,0.1,0.1,0.1,0.1,0.1,0.1,0.1,0.1,0.1,0.1,0.1,0.1,0.1,0.1,0.1,0.1,0.1,0.3,0.5,0.557,0.1,0.1,0.1,0.1,0.5,0.1,0.1,0.7,0.26,0.0,0.0,0.1,0.9,0.1,0.5,0.9,0.1,0.9,0.5,0.1,0.1,0.1,0.1,0.9,0.9,0.633,0.633
0.1,0.1,0.1,0.1,0.1,0.1,0.1,0.1,0.1,0.1,0.1,0.1,0.1,0.1,0.1,0.1,0.1,0.1,0.1,0.1,0.1,0.1,0.1,0.1,0.1,0.1,0.1,0.1,0.1,0.1,0.1,0.1,0.1,0.1,0.1,0.1,0.1,0.1,0.1,0.1,0.1,0.1,0.0,0.0,0.1,0.1,0.1,0.1,0.1,0.1,0.1,0.1,0.1,0.1,0.1,0.1,0.1,0.1,0.1,0.1
0.26,0.1,0.1,0.1,0.1,0.1,0.1,0.1,0.1,0.1,0.1,0.1,0.1,0.1,0.1,0.1,0.1,0.1,0.1,0.1,0.1,0.1,0.1,0.1,0.1,0.1,0.1,0.1,0.1,0.1,0.5,0.4,0.329,0.5,0.367,0.5,0.1,0.5,0.367,0.3,0.9,0.42,0.0,0.0,0.1,0.1,0.5,0.9,0.633,0.9,0.3,0.1,0.1,0.1,0.1,0.1,0.1,0.1,0.1,0.1
0.42,0.5,0.633,0.1,0.633,0.5,0.1,0.5,0.367,0.1,0.26,0.1,0.1,0.1,0.1,0.1,0.1,0.1,0.1,0.1,0.9,0.633,0.1,0.1,0.1,0.1,0.9,0.9,0.633,0.9,0.3,0.1,0.1,0.1,0.1,0.1,0.1,0.1,0.1,0.1,0.1,0.1,0.0,0.0,0.1,0.1,0.1,0.1,0.1,0.1,0.1,0.1,0.1,0.1,0.1,0.1,0.1,0.1,0.1,0.1
0.58,0.233,0.1,0.1,0.1,0.5,0.1,0.5,0.9,0.1,0.1,0.1,0.1,0.1,0.1,0.1,0.1,0.1,0.1,0.1,0.1,0.1,0.1,0.1,0.1,0.1,0.1,0.1,0.1,0.1,0.5,0.6,0.214,0.1,0.633,0.5,0.1,0.1,0.367,0.5,0.1,0.1,0.0,0.0,0.1,0.1,0.1,0.1,0.1,0.1,0.1,0.1,0.1,0.1,0.1,0.1,0.1,0.1,0.1,0.1
0.26,0.1,0.1,0.1,0.1,0.1,0.1,0.1,0.1,0.1,0.1,0.1,0.1,0.1,0.1,0.1,0.1,0.1,0.1,0.1,0.1,0.1,0.1,0.1,0.1,0.1,0.1,0.1,0.1,0.1,0.5,0.5,0.443,0.5,0.367,0.5,0.1,0.5,0.367,0.3,0.9,0.42,0.0,0.0,0.1,0.1,0.5,0.9,0.633,0.9,0.3,0.1,0.1,0.1,0.1,0.1,0.1,0.1,0.1,0.1
0.1,0.1,0.1,0.1,0.1,0.1,0.1,0.1,0.1,0.1,0.1,0.1,0.1,0.1,0.1,0.1,0.1,0.1,0.1,0.1,0.1,0.1,0.1,0.1,0.1,0.1,0.1,0.1,0.1,0.1,0.3,0.6,0.329,0.1,0.367,0.1,0.1,0.5,0.1,0.5,0.1,0.1,0.0,0.0,0.1,0.1,0.1,0.1,0.1,0.1,0.1,0.1,0.1,0.1,0.1,0.1,0.1,0.1,0.1,0.1
0.26,0.1,0.1,0.1,0.1,0.1,0.1,0.1,0.1,0.1,0.1,0.1,0.1,0.1,0.1,0.1,0.1,0.1,0.1,0.1,0.1,0.1,0.1,0.1,0.1,0.1,0.1,0.1,0.1,0.1,0.5,0.5,0.557,0.1,0.367,0.5,0.1,0.5,0.367,0.1,0.3,0.1,0.0,0.0,0.1,0.1,0.1,0.1,0.1,0.1,0.9,0.5,0.1,0.1,0.1,0.1,0.9,0.9,0.633,0.633
0.58,0.233,0.1,0.1,0.1,0.5,0.1,0.5,0.9,0.1,0.1,0.1,0.1,0.1,0.1,0.1,0.1,0.1,0.1,0.1,0.1,0.1,0.1,0.1,0.1,0.1,0.1,0.1,0.1,0.1,0.5,0.3,0.329,0.1,0.367,0.1,0.1,0.5,0.1,0.1,0.9,0.42,0.0,0.0,0.1,0.1,0.5,0.9,0.633,0.9,0.3,0.1,0.1,0.1,0.1,0.1,0.1,0.1,0.1,0.1
0.26,0.1,0.1,0.1,0.1,0.1,0.1,0.1,0.1,0.1,0.1,0.1,0.1,0.1,0.1,0.1,0.1,0.1,0.1,0.1,0.1,0.1,0.1,0.1,0.1,0.1,0.1,0.1,0.1,0.1,0.5,0.4,0.329,0.5,0.367,0.5,0.1,0.5,0.367,0.3,0.3,0.26,0.0,0.0,0.1,0.1,0.1,0.5,0.1,0.1,0.9,0.5,0.1,0.1,0.1,0.1,0.9,0.9,0.633,0.633
0.58,0.367,0.233,0.5,0.367,0.1,0.5,0.5,0.1,0.5,0.58,0.9,0.1,0.1,0.9,0.1,0.5,0.5,0.1,0.9,0.3,0.1,0.1,0.1,0.1,0.1,0.1,0.1,0.1,0.1,0.3,0.1,0.1,0.1,0.1,0.1,0.1,0.1,0.1,0.1,0.1,0.1,0.0,0.0,0.1,0.1,0.1,0.1,0.1,0.1,0.1,0.1,0.1,0.1,0.1,0.1,0.1,0.1,0.1,0.1
0.26,0.1,0.1,0.1,0.1,0.1,0.1,0.1,0.1,0.1,0.1,0.1,0.1,0.1,0.1,0.1,0.1,0.1,0.1,0.1,0.1,0.1,0.1,0.1,0.1,0.1,0.1,0.1,0.1,0.1,0.5,0.9,0.214,0.5,0.367,0.5,0.1,0.5,0.367,0.7,0.3,0.1,0.0,0.0,0.1,0.1,0.1,0.1,0.1,0.1,0.9,0.5,0.1,0.1,0.1,0.1,0.9,0.9,0.633,0.633
0.58,0.233,0.1,0.1,0.1,0.5,0.1,0.5,0.9,0.1,0.1,0.1,0.1,0.1,0.1,0.1,0.1,0.1,0.1,0.1,0.1,0.1,0.1,0.1,0.1,0.1,0.1,0.1,0.1,0.1,0.5,0.6,0.557,0.5,0.633,0.5,0.1,0.5,0.367,0.3,0.3,0.1,0.0,0.0,0.1,0.1,0.1,0.1,0.1,0.1,0.9,0.5,0.1,0.1,0.1,0.1,0.9,0.9,0.633,0.633
0.58,0.233,0.1,0.1,0.1,0.5,0.1,0.5,0.9,0.1,0.1,0.1,0.1,0.1,0.1,0.1,0.1,0.1,0.1,0.1,0.1,0.1,0.1,0.1,0.1,0.1,0.1,0.1,0.1,0.1,0.5,0.7,0.671,0.9,0.9,0.5,0.1,0.5,0.367,0.3,0.9,0.42,0.0,0.0,0.1,0.1,0.5,0.9,0.633,0.9,0.3,0.1,0.1,0.1,0.1,0.1,0.1,0.1,0.1,0.1
0.58,0.233,0.1,0.1,0.1,0.5,0.1,0.5,0.9,0.1,0.1,0.1,0.1,0.1,0.1,0.1,0.1,0.1,0.1,0.1,0.1,0.1,0.1,0.1,0.1,0.1,0.1,0.1,0.1,0.1,0.5,0.6,0.329,0.1,0.633,0.5,0.1,0.1,0.367,0.5,0.1,0.1,0.0,0.0,0.1,0.1,0.1,0.1,0.1,0.1,0.1,0.1,0.1,0.1,0.1,0.1,0.1,0.1,0.1,0.1
0.26,0.633,0.633,0.1,0.1,0.1,0.1,0.5,0.1,0.1,0.58,0.367,0.1,0.1,0.1,0.9,0.1,0.5,0.9,0.1,0.9,0.633,0.1,0.1,0.1,0.1,0.9,0.9,0.633,0.9,0.3,0.1,0.1,0.1,0.1,0.1,0.1,0.1,0.1,0.1,0.1,0.1,0.0,0.0,0.1,0.1,0.1,0.1,0.1,0.1,0.1,0.1,0.1,0.1,0.1,0.1,0.1,0.1,0.1,0.1
0.42,0.767,0.9,0.1,0.633,0.5,0.1,0.5,0.367,0.1,0.26,0.1,0.1,0.1,0.1,0.1,0.1,0.1,0.1,0.1,0.9,0.633,0.1,0.1,0.1,0.1,0.9,0.9,0.633,0.9,0.7,0.2,0.1,0.1,0.1,0.5,0.1,0.5,0.9,0.1,0.1,0.1,0.0,0.0,0.1,0.1,0.1,0.1,0.1,0.1,0.1,0.1,0.1,0.1,0.1,0.1,0.1,0.1,0.1,0.1
0.26,0.1,0.1,0.1,0.1,0.1,0.1,0.1,0.1,0.1,0.26,0.1,0.1,0.1,0.1,0.1,0.1,0.1,0.1,0.1,0.3,0.1,0.1,0.1,0.1,0.1,0.1,0.1,0.1,0.1,0.3,0.1,0.1,0.1,0.1,0.1,0.1,0.1,0.1,0.1,0.1,0.1,0.0,0.0,0.1,0.1,0.1,0.1,0.1,0.1,0.1,0.1,0.1,0.1,0.1,0.1,0.1,0.1,0.1,0.1
0.58,0.233,0.1,0.1,0.1,0.5,0.1,0.5,0.9,0.1,0.1,0.1,0.1,0.1,0.1,0.1,0.1,0.1,0.1,0.1,0.1,0.1,0.1,0.1,0.1,0.1,0.1,0.1,0.1,0.1,0.5,0.5,0.214,0.9,0.633,0.5,0.1,0.5,0.367,0.3,0.3,0.1,0.0,0.0,0.1,0.1,0.1,0.1,0.1,0.1,0.9,0.5,0.1,0.1,0.1,0.1,0.9,0.9,0.633,0.633
0.26,0.1,0.1,0.1,0.1,0.1,0.1,0.1,0.1,0.1,0.1,0.1,0.1,0.1,0.1,0.1,0.1,0.1,0.1,0.1,0.1,0.1,0.1,0.1,0.1,0.1,0.1,0.1,0.1,0.1,0.5,0.4,0.329,0.5,0.367,0.5,0.1,0.5,0.367,0.5,0.3,0.1,0.0,0.0,0.1,0.1,0.1,0.1,0.1,0.1,0.9,0.5,0.1,0.1,0.1,0.1,0.9,0.9,0.633,0.633
0.1,0.1,0.1,0.1,0.1,0.1,0.1,0.1,0.1,0.1,0.1,0.1,0.1,0.1,0.1,0.1,0.1,0.1,0.1,0.1,0.1,0.1,0.1,0.1,0.1,0.1,0.1,0.1,0.1,0.1,0.5,0.6,0.329,0.1,0.9,0.5,0.1,0.1,0.367,0.5,0.1,0.1,0.0,0.0,0.1,0.1,0.1,0.1,0.1,0.1,0.1,0.1,0.1,0.1,0.1,0.1,0.1,0.1,0.1,0.1
0.26,0.1,0.1,0.1,0.1,0.1,0.1,0.1,0.1,0.1,0.1,0.1,0.1,0.1,0.1,0.1,0.1,0.1,0.1,0.1,0.1,0.1,0.1,0.1,0.1,0.1,0.1,0.1,0.1,0.1,0.5,0.3,0.1,0.5,0.367,0.9,0.1,0.5,0.367,0.5,0.9,0.42,0.0,0.0,0.1,0.1,0.5,0.9,0.633,0.9,0.3,0.1,0.1,0.1,0.1,0.1,0.1,0.1,0.1,0.1
0.58,0.233,0.1,0.1,0.1,0.5,0.1,0.5,0.9,0.1,0.1,0.1,0.1,0.1,0.1,0.1,0.1,0.1,0.1,0.1,0.1,0.1,0.1,0.1,0.1,0.1,0.1,0.1,0.1,0.1,0.5,0.3,0.329,0.1,0.367,0.1,0.1,0.5,0.1,0.1,0.9,0.26,0.0,0.0,0.5,0.1,0.9,0.9,0.1,0.1,0.3,0.1,0.1,0.1,0.1,0.1,0.1,0.1,0.1,0.1
0.42,0.633,0.767,0.1,0.633,0.5,0.1,0.5,0.367,0.1,0.26,0.1,0.1,0.1,0.1,0.1,0.1,0.1,0.1,0.1,0.9,0.633,0.1,0.1,0.1,0.1,0.9,0.9,0.633,0.9,0.7,0.2,0.1,0.1,0.1,0.5,0.1,0.5,0.9,0.1,0.1,0.1,0.0,0.0,0.1,0.1,0.1,0.1,0.1,0.1,0.1,0.1,0.1,0.1,0.1,0.1,0.1,0.1,0.1,0.1
0.1,0.1,0.1,0.1,0.1,0.1,0.1,0.1,0.1,0.1,0.1,0.1,0.1,0.1,0.1,0.1,0.1,0.1,0.1,0.1,0.1,0.1,0.1,0.1,0.1,0.1,0.1,0.1,0.1,0.1,0.5,0.6,0.214,0.1,0.633,0.5,0.1,0.1,0.367,0.5,0.1,0.1,0.0,0.0,0.1,0.1,0.1,0.1,0.1,0.1,0.1,0.1,0.1,0.1,0.1,0.1,0.1,0.1,0.1,0.1
0.26,0.1,0.1,0.1,0.1,0.1,0.1,0.1,0.1,0.1,0.1,0.1,0.1,0.1,0.1,0.1,0.1,0.1,0.1,0.1,0.1,0.1,0.1,0.1,0.1,0.1,0.1,0.1,0.1,0.1,0.3,0.5,0.557,0.1,0.1,0.1,0.1,0.5,0.1,0.1,0.3,0.1,0.0,0.0,0.1,0.1,0.1,0.1,0.1,0.1,0.3,0.1,0.1,0.1,0.1,0.1,0.1,0.1,0.1,0.1
0.58,0.233,0.1,0.1,0.1,0.5,0.1,0.5,0.9,0.1,0.1,0.1,0.1,0.1,0.1,0.1,0.1,0.1,0.1,0.1,0.1,0.1,0.1,0.1,0.1,0.1,0.1,0.1,0.1,0.1,0.5,0.3,0.329,0.1,0.367,0.1,0.1,0.5,0.1,0.1,0.7,0.26,0.0,0.0,0.1,0.9,0.1,0.5,0.9,0.1,0.9,0.5,0.1,0.1,0.1,0.1,0.9,0.9,0.633,0.633
0.42,0.5,0.367,0.5,0.367,0.5,0.1,0.5,0.367,0.5,0.26,0.1,0.1,0.1,0.1,0.1,0.1,0.1,0.1,0.1,0.9,0.633,0.1,0.1,0.1,0.1,0.9,0.9,0.633,0.9,0.3,0.1,0.1,0.1,0.1,0.1,0.1,0.1,0.1,0.1,0.1,0.1,0.0,0.0,0.1,0.1,0.1,0.1,0.1,0.1,0.1,0.1,0.1,0.1,0.1,0.1,0.1,0.1,0.1,0.1
0.58,0.233,0.1,0.1,0.1,0.5,0.1,0.5,0.9,0.1,0.1,0.1,0.1,0.1,0.1,0.1,0.1,0.1,0.1,0.1,0.1,0.1,0.1,0.1,0.1,0.1,0.1,0.1,0.1,0.1,0.5,0.3,0.329,0.1,0.367,0.1,0.1,0.5,0.1,0.1,0.9,0.42,0.0,0.0,0.1,0.1,0.5,0.9,0.633,0.9,0.7,0.3,0.1,0.1,0.1,0.9,0.1,0.5,0.9,0.1
0.26,0.1,0.1,0.1,0.1,0.1,0.1,0.1,0.1,0.1,0.1,0.1,0.1,0.1,0.1,0.1,0.1,0.1,0.1,0.1,0.1,0.1,0.1,0.1,0.1,0.1,0.1,0.1,0.1,0.1,0.5,0.5,0.329,0.1,0.367,0.9,0.1,0.5,0.367,0.5,0.3,0.1,0.0,0.0,0.1,0.1,0.1,0.1,0.1,0.1,0.9,0.5,0.1,0.1,0.1,0.1,0.9,0.9,0.633,0.633
0.26,0.1,0.1,0.1,0.1,0.1,0.1,0.1,0.1,0.1,0.1,0.1,0.1,0.1,0.1,0.1,0.1,0.1,0.1,0.1,0.1,0.1,0.1,0.1,0.1,0.1,0.1,0.1,0.1,0.1,0.7,0.4,0.329,0.5,0.367,0.1,0.5,0.5,0.1,0.3,0.3,0.1,0.0,0.0,0.1,0.1,0.1,0.1,0.1,0.1,0.9,0.5,0.1,0.1,0.1,0.1,0.9,0.9,0.633,0.633
0.58,0.233,0.1,0.1,0.1,0.5,0.1,0.5,0.9,0.1,0.1,0.1,0.1,0.1,0.1,0.1,0.1,0.1,0.1,0.1,0.1,0.1,0.1,0.1,0.1,0.1,0.1,0.1,0.1,0.1,0.5,0.4,0.329,0.5,0.367,0.5,0.1,0.9,0.367,0.3,0.3,0.1,0.0,0.0,0.1,0.1,0.1,0.1,0.1,0.1,0.9,0.5,0.1,0.1,0.1,0.1,0.9,0.9,0.633,0.633
0.58,0.233,0.1,0.1,0.1,0.5,0.1,0.5,0.9,0.1,0.1,0.1,0.1,0.1,0.1,0.1,0.1,0.1,0.1,0.1,0.1,0.1,0.1,0.1,0.1,0.1,0.1,0.1,0.1,0.1,0.3,0.5,0.557,0.1,0.1,0.1,0.1,0.5,0.1,0.1,0.9,0.42,0.0,0.0,0.1,0.1,0.5,0.9,0.633,0.9,0.3,0.1,0.1,0.1,0.1,0.1,0.1,0.1,0.1,0.1
0.58,0.233,0.1,0.1,0.1,0.5,0.1,0.5,0.9,0.1,0.1,0.1,0.1,0.1,0.1,0.1,0.1,0.1,0.1,0.1,0.1,0.1,0.1,0.1,0.1,0.1,0.1,0.1,0.1,0.1,0.5,0.7,0.557,0.9,0.9,0.5,0.1,0.5,0.367,0.3,0.9,0.42,0.0,0.0,0.1,0.1,0.5,0.9,0.633,0.9,0.3,0.1,0.1,0.1,0.1,0.1,0.1,0.1,0.1,0.1
0.26,0.1,0.1,0.1,0.1,0.1,0.1,0.1,0.1,0.1,0.1,0.1,0.1,0.1,0.1,0.1,0.1,0.1,0.1,0.1,0.1,0.1,0.1,0.1,0.1,0.1,0.1,0.1,0.1,0.1,0.5,0.4,0.329,0.5,0.367,0.5,0.1,0.5,0.367,0.3,0.9,0.42,0.0,0.0,0.1,0.1,0.5,0.9,0.633,0.9,0.5,0.5,0.1,0.1,0.9,0.9,0.1,0.5,0.367,0.1
0.26,0.1,0.1,0.1,0.1,0.1,0.1,0.1,0.1,0.1,0.1,0.1,0.1,0.1,0.1,0.1,0.1,0.1,0.1,0.1,0.1,0.1,0.1,0.1,0.1,0.1,0.1,0.1,0.1,0.1,0.3,0.7,0.786,0.1,0.367,0.1,0.1,0.5,0.1,0.1,0.3,0.1,0.0,0.0,0.1,0.1,0.1,0.1,0.1,0.1,0.3,0.1,0.1,0.1,0.1,0.1,0.1,0.1,0.1,0.1
0.26,0.1,0.1,0.1,0.1,0.1,0.1,0.1,0.1,0.1,0.1,0.1,0.1,0.1,0.1,0.1,0.1,0.1,0.1,0.1,0.1,0.1,0.1,0.1,0.1,0.1,0.1,0.1,0.1,0.1,0.5,0.5,0.557,0.1,0.367,0.5,0.1,0.5,0.367,0.1,0.3,0.1,0.0,0.0,0.1,0.1,0.1,0.1,0.1,0.1,0.3,0.1,0.1,0.1,0.1,0.1,0.1,0.1,0.1,0.1
0.26,0.1,0.1,0.1,0.1,0.1,0.1,0.1,0.1,0.1,0.1,0.1,0.1,0.1,0.1,0.1,0.1,0.1,0.1,0.1,0.1,0.1,0.1,0.1,0.1,0.1,0.1,0.1,0.1,0.1,0.5,0.4,0.329,0.5,0.633,0.5,0.1,0.5,0.367,0.3,0.3,0.1,0.0,0.0,0.1,0.1,0.1,0.1,0.1,0.1,0.9,0.5,0.1,0.1,0.1,0.1,0.9,0.9,0.633,0.633
0.26,0.1,0.1,0.1,0.1,0.1,0.1,0.1,0.1,0.1,0.1,0.1,0.1,0.1,0.1,0.1,0.1,0.1,0.1,0.1,0.1,0.1,0.1,0.1,0.1,0.1,0.1,0.1,0.1,0.1,0.5,0.7,0.329,0.5,0.367,0.5,0.1,0.5,0.367,0.7,0.3,0.1,0.0,0.0,0.1,0.1,0.1,0.1,0.1,0.1,0.9,0.5,0.1,0.1,0.1,0.1,0.9,0.9,0.633,0.633
0.26,0.1,0.1,0.1,0.1,0.1,0.1,0.1,0.1,0.1,0.1,0.1,0.1,0.1,0.1,0.1,0.1,0.1,0.1,0.1,0.1,0.1,0.1,0.1,0.1,0.1,0.1,0.1,0.1,0.1,0.5,0.7,0.214,0.5,0.367,0.5,0.1,0.5,0.367,0.9,0.3,0.1,0.0,0.0,0.1,0.1,0.1,0.1,0.1,0.1,0.9,0.5,0.1,0.1,0.1,0.1,0.9,0.9,0.633,0.633
0.58,0.233,0.1,0.1,0.1,0.5,0.1,0.5,0.9,0.1,0.1,0.1,0.1,0.1,0.1,0.1,0.1,0.1,0.1,0.1,0.1,0.1,0.1,0.1,0.1,0.1,0.1,0.1,0.1,0.1,0.3,0.5,0.557,0.1,0.1,0.1,0.1,0.5,0.1,0.1,0.3,0.1,0.0,0.0,0.1,0.1,0.1,0.1,0.1,0.1,0.9,0.5,0.1,0.1,0.1,0.1,0.9,0.9,0.633,0.633
0.26,0.1,0.1,0.1,0.1,0.1,0.1,0.1,0.1,0.1,0.1,0.1,0.1,0.1,0.1,0.1,0.1,0.1,0.1,0.1,0.1,0.1,0.1,0.1,0.1,0.1,0.1,0.1,0.1,0.1,0.5,0.7,0.214,0.5,0.367,0.5,0.1,0.5,0.367,0.9,0.3,0.1,0.0,0.0,0.1,0.1,0.1,0.1,0.1,0.1,0.9,0.5,0.1,0.1,0.1,0.1,0.9,0.9,0.633,0.633
0.42,0.767,0.367,0.1,0.9,0.5,0.1,0.1,0.367,0.9,0.1,0.1,0.1,0.1,0.1,0.1,0.1,0.1,0.1,0.1,0.1,0.1,0.1,0.1,0.1,0.1,0.1,0.1,0.1,0.1,0.1,0.1,0.1,0.1,0.1,0.1,0.1,0.1,0.1,0.1,0.1,0.1,0.0,0.0,0.1,0.1,0.1,0.1,0.1,0.1,0.1,0.1,0.1,0.1,0.1,0.1,0.1,0.1,0.1,0.1
0.42,0.633,0.233,0.9,0.633,0.5,0.1,0.5,0.367,0.5,0.26,0.1,0.1,0.1,0.1,0.1,0.1,0.1,0.1,0.1,0.3,0.1,0.1,0.1,0.1,0.1,0.1,0.1,0.1,0.1,0.3,0.1,0.1,0.1,0.1,0.1,0.1,0.1,0.1,0.1,0.1,0.1,0.0,0.0,0.1,0.1,0.1,0.1,0.1,0.1,0.1,0.1,0.1,0.1,0.1,0.1,0.1,0.1,0.1,0.1
0.1,0.1,0.1,0.1,0.1,0.1,0.1,0.1,0.1,0.1,0.1,0.1,0.1,0.1,0.1,0.1,0.1,0.1,0.1,0.1,0.1,0.1,0.1,0.1,0.1,0.1,0.1,0.1,0.1,0.1,0.5,0.5,0.214,0.1,0.633,0.5,0.1,0.1,0.367,0.3,0.1,0.1,0.0,0.0,0.1,0.1,0.1,0.1,0.1,0.1,0.1,0.1,0.1,0.1,0.1,0.1,0.1,0.1,0.1,0.1
0.26,0.1,0.1,0.1,0.1,0.1,0.1,0.1,0.1,0.1,0.1,0.1,0.1,0.1,0.1,0.1,0.1,0.1,0.1,0.1,0.1,0.1,0.1,0.1,0.1,0.1,0.1,0.1,0.1,0.1,0.5,0.4,0.329,0.5,0.367,0.5,0.1,0.5,0.367,0.3,0.3,0.26,0.0,0.0,0.1,0.1,0.1,0.5,0.1,0.1,0.9,0.5,0.1,0.1,0.1,0.1,0.9,0.9,0.633,0.633
0.58,0.233,0.1,0.1,0.1,0.5,0.1,0.5,0.9,0.1,0.1,0.1,0.1,0.1,0.1,0.1,0.1,0.1,0.1,0.1,0.1,0.1,0.1,0.1,0.1,0.1,0.1,0.1,0.1,0.1,0.5,0.6,0.329,0.1,0.9,0.5,0.1,0.1,0.367,0.5,0.1,0.1,0.0,0.0,0.1,0.1,0.1,0.1,0.1,0.1,0.1,0.1,0.1,0.1,0.1,0.1,0.1,0.1,0.1,0.1
0.42,0.633,0.233,0.1,0.633,0.5,0.1,0.1,0.367,0.5,0.1,0.1,0.1,0.1,0.1,0.1,0.1,0.1,0.1,0.1,0.1,0.1,0.1,0.1,0.1,0.1,0.1,0.1,0.1,0.1,0.1,0.1,0.1,0.1,0.1,0.1,0.1,0.1,0.1,0.1,0.1,0.1,0.0,0.0,0.1,0.1,0.1,0.1,0.1,0.1,0.1,0.1,0.1,0.1,0.1,0.1,0.1,0.1,0.1,0.1
0.26,0.1,0.1,0.1,0.1,0.1,0.1,0.1,0.1,0.1,0.1,0.1,0.1,0.1,0.1,0.1,0.1,0.1,0.1,0.1,0.1,0.1,0.1,0.1,0.1,0.1,0.1,0.1,0.1,0.1,0.5,0.4,0.214,0.1,0.367,0.9,0.1,0.5,0.367,0.5,0.3,0.1,0.0,0.0,0.1,0.1,0.1,0.1,0.1,0.1,0.3,0.1,0.1,0.1,0.1,0.1,0.1,0.1,0.1,0.1
0.42,0.367,0.1,0.5,0.367,0.9,0.1,0.5,0.367,0.9,0.26,0.1,0.1,0.1,0.1,0.1,0.1,0.1,0.1,0.1,0.9,0.633,0.1,0.1,0.1,0.1,0.9,0.9,0.633,0.9,0.3,0.1,0.1,0.1,0.1,0.1,0.1,0.1,0.1,0.1,0.1,0.1,0.0,0.0,0.1,0.1,0.1,0.1,0.1,0.1,0.1,0.1,0.1,0.1,0.1,0.1,0.1,0.1,0.1,0.1
0.26,0.1,0.1,0.1,0.1,0.1,0.1,0.1,0.1,0.1,0.1,0.1,0.1,0.1,0.1,0.1,0.1,0.1,0.1,0.1,0.1,0.1,0.1,0.1,0.1,0.1,0.1,0.1,0.1,0.1,0.5,0.4,0.1,0.5,0.367,0.5,0.1,0.5,0.367,0.3,0.9,0.42,0.0,0.0,0.1,0.1,0.5,0.9,0.633,0.9,0.3,0.1,0.1,0.1,0.1,0.1,0.1,0.1,0.1,0.1
0.26,0.633,0.633,0.1,0.1,0.1,0.1,0.5,0.1,0.1,0.74,0.633,0.1,0.1,0.1,0.1,0.5,0.9,0.633,0.9,0.3,0.1,0.1,0.1,0.1,0.1,0.1,0.1,0.1,0.1,0.3,0.1,0.1,0.1,0.1,0.1,0.1,0.1,0.1,0.1,0.1,0.1,0.0,0.0,0.1,0.1,0.1,0.1,0.1,0.1,0.1,0.1,0.1,0.1,0.1,0.1,0.1,0.1,0.1,0.1
0.26,0.1,0.1,0.1,0.1,0.1,0.1,0.1,0.1,0.1,0.1,0.1,0.1,0.1,0.1,0.1,0.1,0.1,0.1,0.1,0.1,0.1,0.1,0.1,0.1,0.1,0.1,0.1,0.1,0.1,0.5,0.6,0.443,0.1,0.367,0.1,0.1,0.5,0.1,0.5,0.3,0.1,0.0,0.0,0.1,0.1,0.1,0.1,0.1,0.1,0.3,0.1,0.1,0.1,0.1,0.1,0.1,0.1,0.1,0.1
0.42,0.633,0.233,0.9,0.633,0.5,0.1,0.5,0.367,0.5,0.9,0.633,0.1,0.1,0.1,0.1,0.9,0.1,0.9,0.5,0.3,0.1,0.1,0.1,0.1,0.1,0.1,0.1,0.1,0.1,0.3,0.1,0.1,0.1,0.1,0.1,0.1,0.1,0.1,0.1,0.1,0.1,0.0,0.0,0.1,0.1,0.1,0.1,0.1,0.1,0.1,0.1,0.1,0.1,0.1,0.1,0.1,0.1,0.1,0.1
0.26,0.767,0.767,0.1,0.367,0.1,0.1,0.5,0.1,0.5,0.1,0.1,0.1,0.1,0.1,0.1,0.1,0.1,0.1,0.1,0.1,0.1,0.1,0.1,0.1,0.1,0.1,0.1,0.1,0.1,0.1,0.1,0.1,0.1,0.1,0.1,0.1,0.1,0.1,0.1,0.1,0.1,0.0,0.0,0.1,0.1,0.1,0.1,0.1,0.1,0.1,0.1,0.1,0.1,0.1,0.1,0.1,0.1,0.1,0.1
0.26,0.1,0.1,0.1,0.1,0.1,0.1,0.1,0.1,0.1,0.1,0.1,0.1,0.1,0.1,0.1,0.1,0.1,0.1,0.1,0.1,0.1,0.1,0.1,0.1,0.1,0.1,0.1,0.1,0.1,0.5,0.7,0.329,0.5,0.367,0.5,0.1,0.5,0.367,0.7,0.3,0.1,0.0,0.0,0.1,0.1,0.1,0.1,0.1,0.1,0.9,0.5,0.1,0.1,0.1,0.1,0.9,0.9,0.633,0.633
0.58,0.233,0.1,0.1,0.1,0.1,0.5,0.1,0.9,0.5,0.1,0.1,0.1,0.1,0.1,0.1,0.1,0.1,0.1,0.1,0.1,0.1,0.1,0.1,0.1,0.1,0.1,0.1,0.1,0.1,0.1,0.1,0.1,0.1,0.1,0.1,0.1,0.1,0.1,0.1,0.1,0.1,0.0,0.0,0.1,0.1,0.1,0.1,0.1,0.1,0.1,0.1,0.1,0.1,0.1,0.1,0.1,0.1,0.1,0.1
0.26,0.1,0.1,0.1,0.1,0.1,0.1,0.1,0.1,0.1,0.1,0.1,0.1,0.1,0.1,0.1,0.1,0.1,0.1,0.1,0.1,0.1,0.1,0.1,0.1,0.1,0.1,0.1,0.1,0.1,0.5,0.5,0.329,0.5,0.367,0.5,0.1,0.5,0.367,0.5,0.3,0.1,0.0,0.0,0.1,0.1,0.1,0.1,0.1,0.1,0.9,0.5,0.1,0.1,0.1,0.1,0.9,0.9,0.633,0.633
0.58,0.233,0.1,0.1,0.1,0.5,0.1,0.5,0.9,0.1,0.1,0.1,0.1,0.1,0.1,0.1,0.1,0.1,0.1,0.1,0.1,0.1,0.1,0.1,0.1,0.1,0.1,0.1,0.1,0.1,0.5,0.5,0.443,0.5,0.367,0.5,0.1,0.5,0.367,0.3,0.3,0.1,0.0,0.0,0.1,0.1,0.1,0.1,0.1,0.1,0.9,0.5,0.1,0.1,0.1,0.1,0.9,0.9,0.633,0.633
0.26,0.1,0.1,0.1,0.1,0.1,0.1,0.1,0.1,0.1,0.1,0.1,0.1,0.1,0.1,0.1,0.1,0.1,0.1,0.1,0.1,0.1,0.1,0.1,0.1,0.1,0.1,0.1,0.1,0.1,0.5,0.4,0.214,0.5,0.367,0.5,0.1,0.5,0.367,0.3,0.3,0.1,0.0,0.0,0.1,0.1,0.1,0.1,0.1,0.1,0.9,0.5,0.1,0.1,0.1,0.1,0.9,0.9,0.633,0.633
0.58,0.233,0.1,0.1,0.1,0.5,0.1,0.5,0.9,0.1,0.1,0.1,0.1,0.1,0.1,0.1,0.1,0.1,0.1,0.1,0.1,0.1,0.1,0.1,0.1,0.1,0.1,0.1,0.1,0.1,0.5,0.3,0.329,0.1,0.367,0.1,0.1,0.5,0.1,0.1,0.3,0.1,0.0,0.0,0.1,0.1,0.1,0.1,0.1,0.1,0.3,0.1,0.1,0.1,0.1,0.1,0.1,0.1,0.1,0.1
0.26,0.1,0.1,0.1,0.1,0.1,0.1,0.1,0.1,0.1,0.1,0.1,0.1,0.1,0.1,0.1,0.1,0.1,0.1,0.1,0.1,0.1,0.1,0.1,0.1,0.1,0.1,0.1,0.1,0.1,0.5,0.8,0.214,0.5,0.633,0.5,0.1,0.5,0.367,0.9,0.3,0.1,0.0,0.0,0.1,0.1,0.1,0.1,0.1,0.1,0.9,0.5,0.1,0.1,0.1,0.1,0.9,0.9,0.633,0.633
0.58,0.233,0.1,0.1,0.1,0.5,0.1,0.5,0.9,0.1,0.1,0.1,0.1,0.1,0.1,0.1,0.1,0.1,0.1,0.1,0.1,0.1,0.1,0.1,0.1,0.1,0.1,0.1,0.1,0.1,0.5,0.4,0.557,0.1,0.633,0.5,0.1,0.5,0.367,0.1,0.3,0.1,0.0,0.0,0.1,0.1,0.1,0.1,0.1,0.1,0.9,0.5,0.1,0.1,0.1,0.1,0.9,0.9,0.633,0.633
0.58,0.233,0.1,0.1,0.1,0.5,0.1,0.5,0.9,0.1,0.1,0.1,0.1,0.1,0.1,0.1,0.1,0.1,0.1,0.1,0.1,0.1,0.1,0.1,0.1,0.1,0.1,0.1,0.1,0.1,0.5,0.6,0.557,0.5,0.633,0.5,0.1,0.5,0.367,0.3,0.9,0.42,0.0,0.0,0.1,0.1,0.5,0.9,0.633,0.9,0.3,0.1,0.1,0.1,0.1,0.1,0.1,0.1,0.1,0.1
0.58,0.233,0.1,0.1,0.1,0.5,0.1,0.5,0.9,0.1,0.1,0.1,0.1,0.1,0.1,0.1,0.1,0.1,0.1,0.1,0.1,0.1,0.1,0.1,0.1,0.1,0.1,0.1,0.1,0.1,0.5,0.3,0.329,0.1,0.367,0.1,0.1,0.5,0.1,0.1,0.7,0.74,0.0,0.0,0.5,0.1,0.5,0.5,0.1,0.9,0.3,0.1,0.1,0.1,0.1,0.1,0.1,0.1,0.1,0.1
0.58,0.367,0.233,0.1,0.367,0.1,0.5,0.5,0.1,0.5,0.1,0.1,0.1,0.1,0.1,0.1,0.1,0.1,0.1,0.1,0.1,0.1,0.1,0.1,0.1,0.1,0.1,0.1,0.1,0.1,0.1,0.1,0.1,0.1,0.1,0.1,0.1,0.1,0.1,0.1,0.1,0.1,0.0,0.0,0.1,0.1,0.1,0.1,0.1,0.1,0.1,0.1,0.1,0.1,0.1,0.1,0.1,0.1,0.1,0.1
0.58,0.233,0.1,0.1,0.1,0.5,0.1,0.5,0.9,0.1,0.1,0.1,0.1,0.1,0.1,0.1,0.1,0.1,0.1,0.1,0.1,0.1,0.1,0.1,0.1,0.1,0.1,0.1,0.1,0.1,0.3,0.5,0.557,0.1,0.1,0.1,0.1,0.5,0.1,0.1,0.3,0.1,0.0,0.0,0.1,0.1,0.1,0.1,0.1,0.1,0.3,0.1,0.1,0.1,0.1,0.1,0.1,0.1,0.1,0.1
0.58,0.233,0.1,0.1,0.1,0.5,0.1,0.5,0.9,0.1,0.1,0.1,0.1,0.1,0.1,0.1,0.1,0.1,0.1,0.1,0.1,0.1,0.1,0.1,0.1,0.1,0.1,0.1,0.1,0.1,0.5,0.5,0.329,0.1,0.633,0.9,0.1,0.5,0.367,0.5,0.3,0.1,0.0,0.0,0.1,0.1,0.1,0.1,0.1,0.1,0.9,0.5,0.1,0.1,0.1,0.1,0.9,0.9,0.633,0.633
0.58,0.233,0.1,0.1,0.1,0.5,0.1,0.5,0.9,0.1,0.1,0.1,0.1,0.1,0.1,0.1,0.1,0.1,0.1,0.1,0.1,0.1,0.1,0.1,0.1,0.1,0.1,0.1,0.1,0.1,0.5,0.3,0.329,0.1,0.367,0.1,0.1,0.5,0.1,0.1,0.7,0.58,0.0,0.0,0.5,0.1,0.5,0.5,0.1,0.9,0.3,0.1,0.1,0.1,0.1,0.1,0.1,0.1,0.1,0.1
0.58,0.233,0.1,0.1,0.1,0.5,0.1,0.5,0.9,0.1,0.1,0.1,0.1,0.1,0.1,0.1,0.1,0.1,0.1,0.1,0.1,0.1,0.1,0.1,0.1,0.1,0.1,0.1,0.1,0.1,0.5,0.4,0.329,0.5,0.633,0.5,0.1,0.5,0.367,0.3,0.9,0.42,0.0,0.0,0.1,0.1,0.5,0.9,0.633,0.9,0.3,0.1,0.1,0.1,0.1,0.1,0.1,0.1,0.1,0.1
0.58,0.233,0.1,0.1,0.1,0.5,0.1,0.5,0.9,0.1,0.1,0.1,0.1,0.1,0.1,0.1,0.1,0.1,0.1,0.1,0.1,0.1,0.1,0.1,0.1,0.1,0.1,0.1,0.1,0.1,0.5,0.6,0.557,0.5,0.633,0.5,0.1,0.5,0.367,0.3,0.3,0.1,0.0,0.0,0.1,0.1,0.1,0.1,0.1,0.1,0.9,0.5,0.1,0.1,0.1,0.1,0.9,0.9,0.633,0.633
0.58,0.233,0.1,0.1,0.1,0.5,0.1,0.5,0.9,0.1,0.1,0.1,0.1,0.1,0.1,0.1,0.1,0.1,0.1,0.1,0.1,0.1,0.1,0.1,0.1,0.1,0.1,0.1,0.1,0.1,0.3,0.3,0.329,0.1,0.1,0.1,0.1,0.5,0.1,0.1,0.7,0.26,0.0,0.0,0.1,0.9,0.1,0.5,0.9,0.1,0.9,0.5,0.1,0.1,0.1,0.1,0.9,0.9,0.633,0.633
0.26,0.367,0.367,0.1,0.1,0.1,0.1,0.5,0.1,0.1,0.26,0.1,0.1,0.1,0.1,0.1,0.1,0.1,0.1,0.1,0.9,0.633,0.1,0.1,0.1,0.1,0.9,0.9,0.633,0.9,0.7,0.2,0.1,0.1,0.1,0.5,0.1,0.5,0.9,0.1,0.1,0.1,0.0,0.0,0.1,0.1,0.1,0.1,0.1,0.1,0.1,0.1,0.1,0.1,0.1,0.1,0.1,0.1,0.1,0.1
0.58,0.233,0.1,0.1,0.1,0.5,0.1,0.9,0.633,0.1,0.1,0.1,0.1,0.1,0.1,0.1,0.1,0.1,0.1,0.1,0.1,0.1,0.1,0.1,0.1,0.1,0.1,0.1,0.1,0.1,0.5,0.4,0.329,0.5,0.633,0.5,0.1,0.5,0.367,0.3,0.3,0.1,0.0,0.0,0.1,0.1,0.1,0.1,0.1,0.1,0.9,0.5,0.1,0.1,0.1,0.1,0.9,0.9,0.633,0.633
0.26,0.1,0.1,0.1,0.1,0.1,0.1,0.1,0.1,0.1,0.1,0.1,0.1,0.1,0.1,0.1,0.1,0.1,0.1,0.1,0.1,0.1,0.1,0.1,0.1,0.1,0.1,0.1,0.1,0.1,0.5,0.4,0.329,0.5,0.633,0.5,0.1,0.5,0.367,0.3,0.9,0.42,0.0,0.0,0.1,0.1,0.5,0.9,0.633,0.9,0.3,0.1,0.1,0.1,0.1,0.1,0.1,0.1,0.1,0.1
0.58,0.233,0.1,0.1,0.1,0.5,0.1,0.5,0.9,0.1,0.1,0.1,0.1,0.1,0.1,0.1,0.1,0.1,0.1,0.1,0.1,0.1,0.1,0.1,0.1,0.1,0.1,0.1,0.1,0.1,0.5,0.4,0.443,0.1,0.633,0.5,0.1,0.5,0.367,0.1,0.3,0.1,0.0,0.0,0.1,0.1,0.1,0.1,0.1,0.1,0.9,0.5,0.1,0.1,0.1,0.1,0.9,0.9,0.633,0.633
0.1,0.1,0.1,0.1,0.1,0.1,0.1,0.1,0.1,0.1,0.1,0.1,0.1,0.1,0.1,0.1,0.1,0.1,0.1,0.1,0.1,0.1,0.1,0.1,0.1,0.1,0.1,0.1,0.1,0.1,0.5,0.6,0.329,0.1,0.633,0.5,0.1,0.1,0.367,0.5,0.1,0.1,0.0,0.0,0.1,0.1,0.1,0.1,0.1,0.1,0.1,0.1,0.1,0.1,0.1,0.1,0.1,0.1,0.1,0.1
0.42,0.233,0.1,0.1,0.367,0.5,0.1,0.9,0.367,0.1,0.26,0.1,0.1,0.1,0.1,0.1,0.1,0.1,0.1,0.1,0.5,0.9,0.9,0.9,0.9,0.9,0.1,0.5,0.367,0.5,0.3,0.1,0.1,0.1,0.1,0.1,0.1,0.1,0.1,0.1,0.1,0.1,0.0,0.0,0.1,0.1,0.1,0.1,0.1,0.1,0.1,0.1,0.1,0.1,0.1,0.1,0.1,0.1,0.1,0.1
0.42,0.633,0.233,0.9,0.633,0.5,0.1,0.5,0.367,0.5,0.58,0.367,0.1,0.1,0.1,0.9,0.1,0.5,0.9,0.1,0.3,0.1,0.1,0.1,0.1,0.1,0.1,0.1,0.1,0.1,0.3,0.1,0.1,0.1,0.1,0.1,0.1,0.1,0.1,0.1,0.1,0.1,0.0,0.0,0.1,0.1,0.1,0.1,0.1,0.1,0.1,0.1,0.1,0.1,0.1,0.1,0.1,0.1,0.1,0.1
0.58,0.233,0.1,0.1,0.1,0.5,0.1,0.5,0.9,0.1,0.1,0.1,0.1,0.1,0.1,0.1,0.1,0.1,0.1,0.1,0.1,0.1,0.1,0.1,0.1,0.1,0.1,0.1,0.1,0.1,0.5,0.6,0.671,0.5,0.367,0.5,0.1,0.5,0.367,0.3,0.3,0.1,0.0,0.0,0.1,0.1,0.1,0.1,0.1,0.1,0.9,0.5,0.1,0.1,0.1,0.1,0.9,0.9,0.633,0.633
0.42,0.5,0.5,0.1,0.633,0.5,0.1,0.5,0.367,0.1,0.26,0.1,0.1,0.1,0.1,0.1,0.1,0.1,0.1,0.1,0.9,0.633,0.1,0.1,0.1,0.1,0.9,0.9,0.633,0.9,0.3,0.1,0.1,0.1,0.1,0.1,0.1,0.1,0.1,0.1,0.1,0.1,0.0,0.0,0.1,0.1,0.1,0.1,0.1,0.1,0.1,0.1,0.1,0.1,0.1,0.1,0.1,0.1,0.1,0.1
0.26,0.1,0.1,0.1,0.1,0.1,0.1,0.1,0.1,0.1,0.1,0.1,0.1,0.1,0.1,0.1,0.1,0.1,0.1,0.1,0.1,0.1,0.1,0.1,0.1,0.1,0.1,0.1,0.1,0.1,0.5,0.7,0.557,0.9,0.9,0.5,0.1,0.5,0.367,0.3,0.9,0.42,0.0,0.0,0.1,0.1,0.5,0.9,0.633,0.9,0.3,0.1,0.1,0.1,0.1,0.1,0.1,0.1,0.1,0.1
0.26,0.1,0.1,0.1,0.1,0.1,0.1,0.1,0.1,0.1,0.1,0.1,0.1,0.1,0.1,0.1,0.1,0.1,0.1,0.1,0.1,0.1,0.1,0.1,0.1,0.1,0.1,0.1,0.1,0.1,0.9,0.5,0.329,0.1,0.367,0.1,0.5,0.9,0.633,0.5,0.3,0.1,0.0,0.0,0.1,0.1,0.1,0.1,0.1,0.1,0.9,0.5,0.1,0.1,0.1,0.1,0.9,0.9,0.633,0.633
0.42,0.5,0.633,0.1,0.633,0.5,0.1,0.5,0.367,0.1,0.42,0.9,0.9,0.9,0.9,0.9,0.1,0.5,0.367,0.5,0.3,0.1,0.1,0.1,0.1,0.1,0.1,0.1,0.1,0.1,0.3,0.1,0.1,0.1,0.1,0.1,0.1,0.1,0.1,0.1,0.1,0.1,0.0,0.0,0.1,0.1,0.1,0.1,0.1,0.1,0.1,0.1,0.1,0.1,0.1,0.1,0.1,0.1,0.1,0.1
0.26,0.1,0.1,0.1,0.1,0.1,0.1,0.1,0.1,0.1,0.1,0.1,0.1,0.1,0.1,0.1,0.1,0.1,0.1,0.1,0.1,0.1,0.1,0.1,0.1,0.1,0.1,0.1,0.1,0.1,0.5,0.5,0.214,0.9,0.633,0.5,0.1,0.5,0.367,0.3,0.3,0.1,0.0,0.0,0.1,0.1,0.1,0.1,0.1,0.1,0.9,0.5,0.1,0.1,0.1,0.1,0.9,0.9,0.633,0.633
0.58,0.233,0.1,0.1,0.1,0.5,0.1,0.5,0.9,0.1,0.1,0.1,0.1,0.1,0.1,0.1,0.1,0.1,0.1,0.1,0.1,0.1,0.1,0.1,0.1,0.1,0.1,0.1,0.1,0.1,0.5,0.6,0.9,0.1,0.633,0.5,0.1,0.5,0.367,0.1,0.3,0.1,0.0,0.0,0.1,0.1,0.1,0.1,0.1,0.1,0.9,0.5,0.1,0.1,0.1,0.1,0.9,0.9,0.633,0.633
0.1,0.1,0.1,0.1,0.1,0.1,0.1,0.1,0.1,0.1,0.1,0.1,0.1,0.1,0.1,0.1,0.1,0.1,0.1,0.1,0.1,0.1,0.1,0.1,0.1,0.1,0.1,0.1,0.1,0.1,0.5,0.4,0.329,0.1,0.367,0.1,0.1,0.5,0.1,0.5,0.1,0.1,0.0,0.0,0.1,0.1,0.1,0.1,0.1,0.1,0.1,0.1,0.1,0.1,0.1,0.1,0.1,0.1,0.1,0.1
0.1,0.1,0.1,0.1,0.1,0.1,0.1,0.1,0.1,0.1,0.1,0.1,0.1,0.1,0.1,0.1,0.1,0.1,0.1,0.1,0.1,0.1,0.1,0.1,0.1,0.1,0.1,0.1,0.1,0.1,0.3,0.7,0.329,0.1,0.367,0.1,0.1,0.5,0.1,0.3,0.1,0.1,0.0,0.0,0.1,0.1,0.1,0.1,0.1,0.1,0.1,0.1,0.1,0.1,0.1,0.1,0.1,0.1,0.1,0.1
0.26,0.1,0.1,0.1,0.1,0.1,0.1,0.1,0.1,0.1,0.1,0.1,0.1,0.1,0.1,0.1,0.1,0.1,0.1,0.1,0.1,0.1,0.1,0.1,0.1,0.1,0.1,0.1,0.1,0.1,0.3,0.5,0.557,0.1,0.1,0.1,0.1,0.5,0.1,0.1,0.3,0.1,0.0,0.0,0.1,0.1,0.1,0.1,0.1,0.1,0.9,0.5,0.1,0.1,0.1,0.1,0.9,0.9,0.633,0.633
0.58,0.233,0.1,0.1,0.1,0.5,0.1,0.5,0.9,0.1,0.1,0.1,0.1,0.1,0.1,0.1,0.1,0.1,0.1,0.1,0.1,0.1,0.1,0.1,0.1,0.1,0.1,0.1,0.1,0.1,0.1,0.1,0.1,0.1,0.1,0.1,0.1,0.1,0.1,0.1,0.1,0.1,0.0,0.0,0.1,0.1,0.1,0.1,0.1,0.1,0.1,0.1,0.1,0.1,0.1,0.1,0.1,0.1,0.1,0.1
0.1,0.1,0.1,0.1,0.1,0.1,0.1,0.1,0.1,0.1,0.1,0.1,0.1,0.1,0.1,0.1,0.1,0.1,0.1,0.1,0.1,0.1,0.1,0.1,0.1,0.1,0.1,0.1,0.1,0.1,0.5,0.6,0.214,0.1,0.633,0.1,0.1,0.5,0.1,0.5,0.1,0.1,0.0,0.0,0.1,0.1,0.1,0.1,0.1,0.1,0.1,0.1,0.1,0.1,0.1,0.1,0.1,0.1,0.1,0.1
0.42,0.633,0.5,0.5,0.367,0.1,0.1,0.5,0.1,0.5,0.1,0.1,0.1,0.1,0.1,0.1,0.1,0.1,0.1,0.1,0.1,0.1,0.1,0.1,0.1,0.1,0.1,0.1,0.1,0.1,0.1,0.1,0.1,0.1,0.1,0.1,0.1,0.1,0.1,0.1,0.1,0.1,0.0,0.0,0.1,0.1,0.1,0.1,0.1,0.1,0.1,0.1,0.1,0.1,0.1,0.1,0.1,0.1,0.1,0.1
0.26,0.1,0.1,0.1,0.1,0.1,0.1,0.1,0.1,0.1,0.1,0.1,0.1,0.1,0.1,0.1,0.1,0.1,0.1,0.1,0.1,0.1,0.1,0.1,0.1,0.1,0.1,0.1,0.1,0.1,0.5,0.4,0.329,0.5,0.633,0.5,0.1,0.5,0.367,0.3,0.3,0.1,0.0,0.0,0.1,0.1,0.1,0.1,0.1,0.1,0.3,0.1,0.1,0.1,0.1,0.1,0.1,0.1,0.1,0.1
0.26,0.1,0.1,0.1,0.1,0.1,0.1,0.1,0.1,0.1,0.1,0.1,0.1,0.1,0.1,0.1,0.1,0.1,0.1,0.1,0.1,0.1,0.1,0.1,0.1,0.1,0.1,0.1,0.1,0.1,0.5,0.3,0.1,0.5,0.367,0.9,0.1,0.5,0.367,0.5,0.3,0.1,0.0,0.0,0.1,0.1,0.1,0.1,0.1,0.1,0.9,0.5,0.1,0.1,0.1,0.1,0.9,0.9,0.633,0.633
0.1,0.1,0.1,0.1,0.1,0.1,0.1,0.1,0.1,0.1,0.1,0.1,0.1,0.1,0.1,0.1,0.1,0.1,0.1,0.1,0.1,0.1,0.1,0.1,0.1,0.1,0.1,0.1,0.1,0.1,0.7,0.3,0.214,0.1,0.367,0.1,0.5,0.5,0.1,0.3,0.1,0.1,0.0,0.0,0.1,0.1,0.1,0.1,0.1,0.1,0.1,0.1,0.1,0.1,0.1,0.1,0.1,0.1,0.1,0.1
0.42,0.367,0.1,0.1,0.367,0.5,0.1,0.5,0.367,0.1,0.1,0.1,0.1,0.1,0.1,0.1,0.1,0.1,0.1,0.1,0.1,0.1,0.1,0.1,0.1,0.1,0.1,0.1,0.1,0.1,0.1,0.1,0.1,0.1,0.1,0.1,0.1,0.1,0.1,0.1,0.1,0.1,0.0,0.0,0.1,0.1,0.1,0.1,0.1,0.1,0.1,0.1,0.1,0.1,0.1,0.1,0.1,0.1,0.1,0.1
0.58,0.233,0.1,0.1,0.1,0.5,0.1,0.5,0.9,0.1,0.1,0.1,0.1,0.1,0.1,0.1,0.1,0.1,0.1,0.1,0.1,0.1,0.1,0.1,0.1,0.1,0.1,0.1,0.1,0.1,0.5,0.5,0.329,0.1,0.633,0.9,0.1,0.5,0.367,0.5,0.3,0.1,0.0,0.0,0.1,0.1,0.1,0.1,0.1,0.1,0.3,0.1,0.1,0.1,0.1,0.1,0.1,0.1,0.1,0.1
0.26,0.1,0.1,0.1,0.1,0.1,0.1,0.1,0.1,0.1,0.1,0.1,0.1,0.1,0.1,0.1,0.1,0.1,0.1,0.1,0.1,0.1,0.1,0.1,0.1,0.1,0.1,0.1,0.1,0.1,0.5,0.4,0.329,0.5,0.367,0.5,0.1,0.5,0.367,0.3,0.5,0.42,0.0,0.0,0.5,0.9,0.1,0.5,0.367,0.1,0.9,0.5,0.1,0.1,0.1,0.1,0.9,0.9,0.633,0.633
0.26,0.1,0.1,0.1,0.1,0.1,0.1,0.1,0.1,0.1,0.1,0.1,0.1,0.1,0.1,0.1,0.1,0.1,0.1,0.1,0.1,0.1,0.1,0.1,0.1,0.1,0.1,0.1,0.1,0.1,0.5,0.4,0.329,0.5,0.367,0.5,0.1,0.5,0.367,0.3,0.3,0.1,0.0,0.0,0.1,0.1,0.1,0.1,0.1,0.1,0.9,0.5,0.1,0.1,0.1,0.1,0.9,0.9,0.633,0.633
0.42,0.5,0.367,0.5,0.633,0.5,0.1,0.5,0.367,0.5,0.26,0.1,0.1,0.1,0.1,0.1,0.1,0.1,0.1,0.1,0.3,0.1,0.1,0.1,0.1,0.1,0.1,0.1,0.1,0.1,0.3,0.1,0.1,0.1,0.1,0.1,0.1,0.1,0.1,0.1,0.1,0.1,0.0,0.0,0.1,0.1,0.1,0.1,0.1,0.1,0.1,0.1,0.1,0.1,0.1,0.1,0.1,0.1,0.1,0.1
0.26,0.1,0.1,0.1,0.1,0.1,0.1,0.1,0.1,0.1,0.1,0.1,0.1,0.1,0.1,0.1,0.1,0.1,0.1,0.1,0.1,0.1,0.1,0.1,0.1,0.1,0.1,0.1,0.1,0.1,0.9,0.5,0.329,0.1,0.367,0.1,0.5,0.9,0.633,0.5,0.9,0.42,0.0,0.0,0.1,0.1,0.5,0.9,0.633,0.9,0.3,0.1,0.1,0.1,0.1,0.1,0.1,0.1,0.1,0.1
0.26,0.1,0.1,0.1,0.1,0.1,0.1,0.1,0.1,0.1,0.1,0.1,0.1,0.1,0.1,0.1,0.1,0.1,0.1,0.1,0.1,0.1,0.1,0.1,0.1,0.1,0.1,0.1,0.1,0.1,0.5,0.4,0.329,0.5,0.367,0.5,0.1,0.9,0.367,0.3,0.3,0.1,0.0,0.0,0.1,0.1,0.1,0.1,0.1,0.1,0.9,0.5,0.1,0.1,0.1,0.1,0.9,0.9,0.633,0.633
0.58,0.233,0.1,0.1,0.1,0.5,0.1,0.5,0.9,0.1,0.1,0.1,0.1,0.1,0.1,0.1,0.1,0.1,0.1,0.1,0.1,0.1,0.1,0.1,0.1,0.1,0.1,0.1,0.1,0.1,0.5,0.5,0.329,0.5,0.633,0.5,0.1,0.5,0.367,0.5,0.3,0.1,0.0,0.0,0.1,0.1,0.1,0.1,0.1,0.1,0.9,0.5,0.1,0.1,0.1,0.1,0.9,0.9,0.633,0.633
0.42,0.5,0.633,0.1,0.633,0.5,0.1,0.5,0.367,0.1,0.26,0.1,0.1,0.1,0.1,0.1,0.1,0.1,0.1,0.1,0.9,0.633,0.1,0.1,0.1,0.1,0.9,0.9,0.633,0.9,0.7,0.2,0.1,0.1,0.1,0.5,0.1,0.5,0.9,0.1,0.1,0.1,0.0,0.0,0.1,0.1,0.1,0.1,0.1,0.1,0.1,0.1,0.1,0.1,0.1,0.1,0.1,0.1,0.1,0.1
0.58,0.233,0.1,0.1,0.1,0.5,0.1,0.5,0.9,0.1,0.1,0.1,0.1,0.1,0.1,0.1,0.1,0.1,0.1,0.1,0.1,0.1,0.1,0.1,0.1,0.1,0.1,0.1,0.1,0.1,0.5,0.5,0.786,0.1,0.9,0.5,0.1,0.5,0.367,0.1,0.3,0.1,0.0,0.0,0.1,0.1,0.1,0.1,0.1,0.1,0.9,0.5,0.1,0.1,0.1,0.1,0.9,0.9,0.633,0.633
0.42,0.367,0.367,0.1,0.367,0.1,0.1,0.5,0.1,0.1,0.42,0.9,0.9,0.9,0.9,0.9,0.1,0.5,0.367,0.5,0.3,0.1,0.1,0.1,0.1,0.1,0.1,0.1,0.1,0.1,0.3,0.1,0.1,0.1,0.1,0.1,0.1,0.1,0.1,0.1,0.1,0.1,0.0,0.0,0.1,0.1,0.1,0.1,0.1,0.1,0.1,0.1,0.1,0.1,0.1,0.1,0.1,0.1,0.1,0.1
0.26,0.1,0.1,0.1,0.1,0.1,0.1,0.1,0.1,0.1,0.1,0.1,0.1,0.1,0.1,0.1,0.1,0.1,0.1,0.1,0.1,0.1,0.1,0.1,0.1,0.1,0.1,0.1,0.1,0.1,0.3,0.3,0.329,0.1,0.1,0.1,0.1,0.5,0.1,0.1,0.3,0.1,0.0,0.0,0.1,0.1,0.1,0.1,0.1,0.1,0.9,0.5,0.1,0.1,0.1,0.1,0.9,0.9,0.633,0.633
0.26,0.1,0.1,0.1,0.1,0.1,0.1,0.1,0.1,0.1,0.1,0.1,0.1,0.1,0.1,0.1,0.1,0.1,0.1,0.1,0.1,0.1,0.1,0.1,0.1,0.1,0.1,0.1,0.1,0.1,0.5,0.5,0.214,0.9,0.633,0.5,0.1,0.5,0.367,0.3,0.3,0.26,0.0,0.0,0.1,0.1,0.1,0.5,0.1,0.1,0.9,0.5,0.1,0.1,0.1,0.1,0.9,0.9,0.633,0.633
0.26,0.233,0.1,0.1,0.1,0.1,0.1,0.5,0.1,0.1,0.26,0.1,0.1,0.1,0.1,0.1,0.1,0.1,0.1,0.1,0.3,0.1,0.1,0.1,0.1,0.1,0.1,0.1,0.1,0.1,0.3,0.1,0.1,0.1,0.1,0.1,0.1,0.1,0.1,0.1,0.1,0.1,0.0,0.0,0.1,0.1,0.1,0.1,0.1,0.1,0.1,0.1,0.1,0.1,0.1,0.1,0.1,0.1,0.1,0.1
0.26,0.1,0.1,0.1,0.1,0.1,0.1,0.1,0.1,0.1,0.1,0.1,0.1,0.1,0.1,0.1,0.1,0.1,0.1,0.1,0.1,0.1,0.1,0.1,0.1,0.1,0.1,0.1,0.1,0.1,0.5,0.4,0.1,0.5,0.367,0.5,0.1,0.5,0.367,0.3,0.3,0.1,0.0,0.0,0.1,0.1,0.1,0.1,0.1,0.1,0.9,0.5,0.1,0.1,0.1,0.1,0.9,0.9,0.633,0.633
0.42,0.633,0.767,0.1,0.633,0.5,0.1,0.5,0.367,0.1,0.26,0.1,0.1,0.1,0.1,0.1,0.1,0.1,0.1,0.1,0.9,0.633,0.1,0.1,0.1,0.1,0.9,0.9,0.633,0.9,0.3,0.1,0.1,0.1,0.1,0.1,0.1,0.1,0.1,0.1,0.1,0.1,0.0,0.0,0.1,0.1,0.1,0.1,0.1,0.1,0.1,0.1,0.1,0.1,0.1,0.1,0.1,0.1,0.1,0.1
0.42,0.767,0.367,0.1,0.367,0.1,0.1,0.5,0.1,0.9,0.26,0.1,0.1,0.1,0.1,0.1,0.1,0.1,0.1,0.1,0.3,0.1,0.1,0.1,0.1,0.1,0.1,0.1,0.1,0.1,0.3,0.1,0.1,0.1,0.1,0.1,0.1,0.1,0.1,0.1,0.1,0.1,0.0,0.0,0.1,0.1,0.1,0.1,0.1,0.1,0.1,0.1,0.1,0.1,0.1,0.1,0.1,0.1,0.1,0.1
0.58,0.233,0.1,0.1,0.1,0.5,0.1,0.5,0.9,0.1,0.1,0.1,0.1,0.1,0.1,0.1,0.1,0.1,0.1,0.1,0.1,0.1,0.1,0.1,0.1,0.1,0.1,0.1,0.1,0.1,0.5,0.5,0.671,0.1,0.633,0.5,0.1,0.5,0.367,0.1,0.3,0.1,0.0,0.0,0.1,0.1,0.1,0.1,0.1,0.1,0.9,0.5,0.1,0.1,0.1,0.1,0.9,0.9,0.633,0.633
0.1,0.1,0.1,0.1,0.1,0.1,0.1,0.1,0.1,0.1,0.1,0.1,0.1,0.1,0.1,0.1,0.1,0.1,0.1,0.1,0.1,0.1,0.1,0.1,0.1,0.1,0.1,0.1,0.1,0.1,0.5,0.6,0.443,0.1,0.367,0.1,0.1,0.5,0.1,0.5,0.1,0.1,0.0,0.0,0.1,0.1,0.1,0.1,0.1,0.1,0.1,0.1,0.1,0.1,0.1,0.1,0.1,0.1,0.1,0.1
0.58,0.233,0.1,0.1,0.1,0.5,0.1,0.5,0.9,0.1,0.1,0.1,0.1,0.1,0.1,0.1,0.1,0.1,0.1,0.1,0.1,0.1,0.1,0.1,0.1,0.1,0.1,0.1,0.1,0.1,0.5,0.6,0.786,0.1,0.633,0.5,0.1,0.5,0.367,0.1,0.3,0.1,0.0,0.0,0.1,0.1,0.1,0.1,0.1,0.1,0.9,0.5,0.1,0.1,0.1,0.1,0.9,0.9,0.633,0.633
0.58,0.233,0.1,0.1,0.1,0.5,0.1,0.5,0.9,0.1,0.1,0.1,0.1,0.1,0.1,0.1,0.1,0.1,0.1,0.1,0.1,0.1,0.1,0.1,0.1,0.1,0.1,0.1,0.1,0.1,0.5,0.7,0.557,0.9,0.9,0.5,0.1,0.5,0.367,0.3,0.3,0.1,0.0,0.0,0.1,0.1,0.1,0.1,0.1,0.1,0.9,0.5,0.1,0.1,0.1,0.1,0.9,0.9,0.633,0.633
0.26,0.633,0.633,0.1,0.1,0.1,0.1,0.5,0.1,0.1,0.26,0.1,0.1,0.1,0.1,0.1,0.1,0.1,0.1,0.1,0.9,0.633,0.1,0.1,0.1,0.1,0.9,0.9,0.633,0.9,0.3,0.1,0.1,0.1,0.1,0.1,0.1,0.1,0.1,0.1,0.1,0.1,0.0,0.0,0.1,0.1,0.1,0.1,0.1,0.1,0.1,0.1,0.1,0.1,0.1,0.1,0.1,0.1,0.1,0.1
0.42,0.633,0.233,0.9,0.633,0.5,0.1,0.5,0.367,0.5,0.74,0.367,0.1,0.1,0.9,0.1,0.9,0.9,0.1,0.1,0.3,0.1,0.1,0.1,0.1,0.1,0.1,0.1,0.1,0.1,0.3,0.1,0.1,0.1,0.1,0.1,0.1,0.1,0.1,0.1,0.1,0.1,0.0,0.0,0.1,0.1,0.1,0.1,0.1,0.1,0.1,0.1,0.1,0.1,0.1,0.1,0.1,0.1,0.1,0.1
0.42,0.5,0.233,0.5,0.367,0.5,0.1,0.5,0.367,0.5,0.26,0.1,0.1,0.1,0.1,0.1,0.1,0.1,0.1,0.1,0.9,0.633,0.1,0.1,0.1,0.1,0.9,0.9,0.633,0.9,0.3,0.1,0.1,0.1,0.1,0.1,0.1,0.1,0.1,0.1,0.1,0.1,0.0,0.0,0.1,0.1,0.1,0.1,0.1,0.1,0.1,0.1,0.1,0.1,0.1,0.1,0.1,0.1,0.1,0.1
0.58,0.233,0.1,0.1,0.1,0.5,0.1,0.5,0.9,0.1,0.1,0.1,0.1,0.1,0.1,0.1,0.1,0.1,0.1,0.1,0.1,0.1,0.1,0.1,0.1,0.1,0.1,0.1,0.1,0.1,0.5,0.5,0.214,0.9,0.633,0.5,0.1,0.5,0.367,0.3,0.3,0.26,0.0,0.0,0.1,0.1,0.1,0.5,0.1,0.1,0.9,0.5,0.1,0.1,0.1,0.1,0.9,0.9,0.633,0.633
0.26,0.367,0.367,0.1,0.1,0.1,0.1,0.5,0.1,0.1,0.26,0.1,0.1,0.1,0.1,0.1,0.1,0.1,0.1,0.1,0.3,0.1,0.1,0.1,0.1,0.1,0.1,0.1,0.1,0.1,0.3,0.1,0.1,0.1,0.1,0.1,0.1,0.1,0.1,0.1,0.1,0.1,0.0,0.0,0.1,0.1,0.1,0.1,0.1,0.1,0.1,0.1,0.1,0.1,0.1,0.1,0.1,0.1,0.1,0.1
0.58,0.233,0.1,0.1,0.1,0.5,0.1,0.5,0.9,0.1,0.1,0.1,0.1,0.1,0.1,0.1,0.1,0.1,0.1,0.1,0.1,0.1,0.1,0.1,0.1,0.1,0.1,0.1,0.1,0.1,0.5,0.3,0.329,0.1,0.367,0.1,0.1,0.5,0.1,0.1,0.7,0.74,0.0,0.0,0.5,0.1,0.5,0.5,0.1,0.9,0.3,0.1,0.1,0.1,0.1,0.1,0.1,0.1,0.1,0.1
0.42,0.9,0.233,0.1,0.633,0.5,0.1,0.1,0.367,0.5,0.1,0.1,0.1,0.1,0.1,0.1,0.1,0.1,0.1,0.1,0.1,0.1,0.1,0.1,0.1,0.1,0.1,0.1,0.1,0.1,0.1,0.1,0.1,0.1,0.1,0.1,0.1,0.1,0.1,0.1,0.1,0.1,0.0,0.0,0.1,0.1,0.1,0.1,0.1,0.1,0.1,0.1,0.1,0.1,0.1,0.1,0.1,0.1,0.1,0.1
0.26,0.367,0.367,0.1,0.1,0.1,0.1,0.5,0.1,0.1,0.26,0.1,0.1,0.1,0.1,0.1,0.1,0.1,0.1,0.1,0.5,0.9,0.9,0.9,0.9,0.9,0.1,0.5,0.367,0.5,0.3,0.1,0.1,0.1,0.1,0.1,0.1,0.1,0.1,0.1,0.1,0.1,0.0,0.0,0.1,0.1,0.1,0.1,0.1,0.1,0.1,0.1,0.1,0.1,0.1,0.1,0.1,0.1,0.1,0.1
0.1,0.1,0.1,0.1,0.1,0.1,0.1,0.1,0.1,0.1,0.1,0.1,0.1,0.1,0.1,0.1,0.1,0.1,0.1,0.1,0.1,0.1,0.1,0.1,0.1,0.1,0.1,0.1,0.1,0.1,0.3,0.4,0.443,0.1,0.367,0.1,0.1,0.5,0.1,0.3,0.1,0.1,0.0,0.0,0.1,0.1,0.1,0.1,0.1,0.1,0.1,0.1,0.1,0.1,0.1,0.1,0.1,0.1,0.1,0.1
0.58,0.233,0.1,0.1,0.1,0.5,0.1,0.5,0.9,0.1,0.1,0.1,0.1,0.1,0.1,0.1,0.1,0.1,0.1,0.1,0.1,0.1,0.1,0.1,0.1,0.1,0.1,0.1,0.1,0.1,0.3,0.3,0.329,0.1,0.1,0.1,0.1,0.5,0.1,0.1,0.9,0.42,0.0,0.0,0.1,0.1,0.5,0.9,0.633,0.9,0.7,0.3,0.1,0.1,0.1,0.9,0.1,0.5,0.9,0.1
0.26,0.1,0.1,0.1,0.1,0.1,0.1,0.1,0.1,0.1,0.1,0.1,0.1,0.1,0.1,0.1,0.1,0.1,0.1,0.1,0.1,0.1,0.1,0.1,0.1,0.1,0.1,0.1,0.1,0.1,0.5,0.5,0.329,0.1,0.633,0.9,0.1,0.5,0.367,0.5,0.3,0.1,0.0,0.0,0.1,0.1,0.1,0.1,0.1,0.1,0.3,0.1,0.1,0.1,0.1,0.1,0.1,0.1,0.1,0.1
0.26,0.633,0.633,0.1,0.1,0.1,0.1,0.5,0.1,0.1,0.26,0.1,0.1,0.1,0.1,0.1,0.1,0.1,0.1,0.1,0.9,0.633,0.1,0.1,0.1,0.1,0.9,0.9,0.633,0.9,0.7,0.2,0.1,0.1,0.1,0.5,0.1,0.5,0.9,0.1,0.1,0.1,0.0,0.0,0.1,0.1,0.1,0.1,0.1,0.1,0.1,0.1,0.1,0.1,0.1,0.1,0.1,0.1,0.1,0.1
0.58,0.233,0.1,0.1,0.1,0.5,0.1,0.5,0.9,0.1,0.1,0.1,0.1,0.1,0.1,0.1,0.1,0.1,0.1,0.1,0.1,0.1,0.1,0.1,0.1,0.1,0.1,0.1,0.1,0.1,0.5,0.4,0.329,0.5,0.633,0.5,0.1,0.5,0.367,0.3,0.3,0.1,0.0,0.0,0.1,0.1,0.1,0.1,0.1,0.1,0.9,0.5,0.1,0.1,0.1,0.1,0.9,0.9,0.633,0.633
0.42,0.767,0.5,0.5,0.633,0.1,0.1,0.5,0.1,0.9,0.1,0.1,0.1,0.1,0.1,0.1,0.1,0.1,0.1,0.1,0.1,0.1,0.1,0.1,0.1,0.1,0.1,0.1,0.1,0.1,0.1,0.1,0.1,0.1,0.1,0.1,0.1,0.1,0.1,0.1,0.1,0.1,0.0,0.0,0.1,0.1,0.1,0.1,0.1,0.1,0.1,0.1,0.1,0.1,0.1,0.1,0.1,0.1,0.1,0.1
0.74,0.367,0.1,0.1,0.1,0.1,0.5,0.9,0.633,0.9,0.1,0.1,0.1,0.1,0.1,0.1,0.1,0.1,0.1,0.1,0.1,0.1,0.1,0.1,0.1,0.1,0.1,0.1,0.1,0.1,0.1,0.1,0.1,0.1,0.1,0.1,0.1,0.1,0.1,0.1,0.1,0.1,0.0,0.0,0.1,0.1,0.1,0.1,0.1,0.1,0.1,0.1,0.1,0.1,0.1,0.1,0.1,0.1,0.1,0.1
0.58,0.233,0.1,0.1,0.1,0.5,0.1,0.5,0.9,0.1,0.1,0.1,0.1,0.1,0.1,0.1,0.1,0.1,0.1,0.1,0.1,0.1,0.1,0.1,0.1,0.1,0.1,0.1,0.1,0.1,0.5,0.4,0.329,0.5,0.367,0.5,0.1,0.9,0.367,0.3,0.9,0.42,0.0,0.0,0.1,0.1,0.5,0.9,0.633,0.9,0.3,0.1,0.1,0.1,0.1,0.1,0.1,0.1,0.1,0.1
0.58,0.233,0.1,0.1,0.1,0.5,0.1,0.5,0.9,0.1,0.1,0.1,0.1,0.1,0.1,0.1,0.1,0.1,0.1,0.1,0.1,0.1,0.1,0.1,0.1,0.1,0.1,0.1,0.1,0.1,0.3,0.3,0.329,0.1,0.1,0.1,0.1,0.5,0.1,0.1,0.3,0.1,0.0,0.0,0.1,0.1,0.1,0.1,0.1,0.1,0.9,0.5,0.1,0.1,0.1,0.1,0.9,0.9,0.633,0.633
0.26,0.1,0.1,0.1,0.1,0.1,0.1,0.1,0.1,0.1,0.1,0.1,0.1,0.1,0.1,0.1,0.1,0.1,0.1,0.1,0.1,0.1,0.1,0.1,0.1,0.1,0.1,0.1,0.1,0.1,0.3,0.1,0.1,0.1,0.1,0.1,0.1,0.1,0.1,0.1,0.3,0.1,0.0,0.0,0.1,0.1,0.1,0.1,0.1,0.1,0.3,0.1,0.1,0.1,0.1,0.1,0.1,0.1,0.1,0.1
0.26,0.9,0.9,0.1,0.367,0.1,0.1,0.5,0.1,0.1,0.26,0.1,0.1,0.1,0.1,0.1,0.1,0.1,0.1,0.1,0.3,0.1,0.1,0.1,0.1,0.1,0.1,0.1,0.1,0.1,0.3,0.1,0.1,0.1,0.1,0.1,0.1,0.1,0.1,0.1,0.1,0.1,0.0,0.0,0.1,0.1,0.1,0.1,0.1,0.1,0.1,0.1,0.1,0.1,0.1,0.1,0.1,0.1,0.1,0.1
0.58,0.233,0.1,0.1,0.1,0.5,0.1,0.5,0.9,0.1,0.1,0.1,0.1,0.1,0.1,0.1,0.1,0.1,0.1,0.1,0.1,0.1,0.1,0.1,0.1,0.1,0.1,0.1,0.1,0.1,0.5,0.5,0.214,0.1,0.633,0.5,0.1,0.1,0.367,0.3,0.1,0.1,0.0,0.0,0.1,0.1,0.1,0.1,0.1,0.1,0.1,0.1,0.1,0.1,0.1,0.1,0.1,0.1,0.1,0.1
0.9,0.367,0.1,0.1,0.1,0.1,0.9,0.1,0.9,0.5,0.1,0.1,0.1,0.1,0.1,0.1,0.1,0.1,0.1,0.1,0.1,0.1,0.1,0.1,0.1,0.1,0.1,0.1,0.1,0.1,0.1,0.1,0.1,0.1,0.1,0.1,0.1,0.1,0.1,0.1,0.1,0.1,0.0,0.0,0.1,0.1,0.1,0.1,0.1,0.1,0.1,0.1,0.1,0.1,0.1,0.1,0.1,0.1,0.1,0.1
0.26,0.1,0.1,0.1,0.1,0.1,0.1,0.1,0.1,0.1,0.1,0.1,0.1,0.1,0.1,0.1,0.1,0.1,0.1,0.1,0.1,0.1,0.1,0.1,0.1,0.1,0.1,0.1,0.1,0.1,0.3,0.5,0.786,0.1,0.1,0.1,0.1,0.5,0.1,0.1,0.3,0.1,0.0,0.0,0.1,0.1,0.1,0.1,0.1,0.1,0.9,0.5,0.1,0.1,0.1,0.1,0.9,0.9,0.633,0.633
0.26,0.633,0.633,0.1,0.1,0.1,0.1,0.5,0.1,0.1,0.26,0.1,0.1,0.1,0.1,0.1,0.1,0.1,0.1,0.1,0.5,0.9,0.9,0.9,0.9,0.9,0.1,0.5,0.367,0.5,0.3,0.1,0.1,0.1,0.1,0.1,0.1,0.1,0.1,0.1,0.1,0.1,0.0,0.0,0.1,0.1,0.1,0.1,0.1,0.1,0.1,0.1,0.1,0.1,0.1,0.1,0.1,0.1,0.1,0.1
0.26,0.1,0.1,0.1,0.1,0.1,0.1,0.1,0.1,0.1,0.1,0.1,0.1,0.1,0.1,0.1,0.1,0.1,0.1,0.1,0.1,0.1,0.1,0.1,0.1,0.1,0.1,0.1,0.1,0.1,0.3,0.2,0.1,0.1,0.1,0.1,0.1,0.5,0.1,0.1,0.3,0.1,0.0,0.0,0.1,0.1,0.1,0.1,0.1,0.1,0.3,0.1,0.1,0.1,0.1,0.1,0.1,0.1,0.1,0.1
0.42,0.5,0.367,0.5,0.633,0.5,0.1,0.5,0.367,0.5,0.26,0.1,0.1,0.1,0.1,0.1,0.1,0.1,0.1,0.1,0.9,0.633,0.1,0.1,0.1,0.1,0.9,0.9,0.633,0.9,0.3,0.1,0.1,0.1,0.1,0.1,0.1,0.1,0.1,0.1,0.1,0.1,0.0,0.0,0.1,0.1,0.1,0.1,0.1,0.1,0.1,0.1,0.1,0.1,0.1,0.1,0.1,0.1,0.1,0.1
0.42,0.5,0.233,0.5,0.367,0.5,0.1,0.5,0.367,0.5,0.1,0.1,0.1,0.1,0.1,0.1,0.1,0.1,0.1,0.1,0.1,0.1,0.1,0.1,0.1,0.1,0.1,0.1,0.1,0.1,0.3,0.5,0.557,0.1,0.367,0.1,0.1,0.5,0.1,0.1,0.3,0.1,0.0,0.0,0.1,0.1,0.1,0.1,0.1,0.1,0.3,0.1,0.1,0.1,0.1,0.1,0.1,0.1,0.1,0.1
0.58,0.233,0.1,0.1,0.1,0.5,0.1,0.5,0.9,0.1,0.1,0.1,0.1,0.1,0.1,0.1,0.1,0.1,0.1,0.1,0.1,0.1,0.1,0.1,0.1,0.1,0.1,0.1,0.1,0.1,0.5,0.7,0.329,0.1,0.367,0.5,0.1,0.5,0.367,0.3,0.3,0.1,0.0,0.0,0.1,0.1,0.1,0.1,0.1,0.1,0.9,0.5,0.1,0.1,0.1,0.1,0.9,0.9,0.633,0.633
0.58,0.233,0.1,0.1,0.1,0.5,0.1,0.5,0.9,0.1,0.1,0.1,0.1,0.1,0.1,0.1,0.1,0.1,0.1,0.1,0.1,0.1,0.1,0.1,0.1,0.1,0.1,0.1,0.1,0.1,0.5,0.6,0.443,0.5,0.9,0.5,0.1,0.5,0.367,0.3,0.3,0.26,0.0,0.0,0.1,0.1,0.1,0.5,0.1,0.1,0.9,0.5,0.1,0.1,0.1,0.1,0.9,0.9,0.633,0.633
0.42,0.367,0.1,0.5,0.367,0.9,0.1,0.5,0.367,0.9,0.74,0.633,0.1,0.1,0.1,0.1,0.5,0.9,0.633,0.9,0.3,0.1,0.1,0.1,0.1,0.1,0.1,0.1,0.1,0.1,0.3,0.1,0.1,0.1,0.1,0.1,0.1,0.1,0.1,0.1,0.1,0.1,0.0,0.0,0.1,0.1,0.1,0.1,0.1,0.1,0.1,0.1,0.1,0.1,0.1,0.1,0.1,0.1,0.1,0.1
0.26,0.1,0.1,0.1,0.1,0.1,0.1,0.1,0.1,0.1,0.1,0.1,0.1,0.1,0.1,0.1,0.1,0.1,0.1,0.1,0.1,0.1,0.1,0.1,0.1,0.1,0.1,0.1,0.1,0.1,0.5,0.9,0.214,0.5,0.367,0.5,0.1,0.5,0.367,0.3,0.3,0.1,0.0,0.0,0.1,0.1,0.1,0.1,0.1,0.1,0.9,0.5,0.1,0.1,0.1,0.1,0.9,0.9,0.633,0.633
0.42,0.633,0.233,0.9,0.633,0.5,0.1,0.5,0.367,0.5,0.42,0.633,0.1,0.1,0.9,0.9,0.1,0.5,0.367,0.1,0.3,0.1,0.1,0.1,0.1,0.1,0.1,0.1,0.1,0.1,0.3,0.1,0.1,0.1,0.1,0.1,0.1,0.1,0.1,0.1,0.1,0.1,0.0,0.0,0.1,0.1,0.1,0.1,0.1,0.1,0.1,0.1,0.1,0.1,0.1,0.1,0.1,0.1,0.1,0.1
0.58,0.233,0.1,0.1,0.1,0.5,0.1,0.5,0.9,0.1,0.1,0.1,0.1,0.1,0.1,0.1,0.1,0.1,0.1,0.1,0.1,0.1,0.1,0.1,0.1,0.1,0.1,0.1,0.1,0.1,0.5,0.6,0.214,0.1,0.633,0.5,0.1,0.1,0.367,0.5,0.1,0.1,0.0,0.0,0.1,0.1,0.1,0.1,0.1,0.1,0.1,0.1,0.1,0.1,0.1,0.1,0.1,0.1,0.1,0.1
0.42,0.5,0.5,0.1,0.633,0.5,0.1,0.5,0.367,0.1,0.26,0.1,0.1,0.1,0.1,0.1,0.1,0.1,0.1,0.1,0.9,0.633,0.1,0.1,0.1,0.1,0.9,0.9,0.633,0.9,0.7,0.2,0.1,0.1,0.1,0.5,0.1,0.5,0.9,0.1,0.1,0.1,0.0,0.0,0.1,0.1,0.1,0.1,0.1,0.1,0.1,0.1,0.1,0.1,0.1,0.1,0.1,0.1,0.1,0.1
0.42,0.5,0.5,0.1,0.633,0.5,0.1,0.5,0.367,0.1,0.26,0.1,0.1,0.1,0.1,0.1,0.1,0.1,0.1,0.1,0.5,0.9,0.9,0.9,0.9,0.9,0.1,0.5,0.367,0.5,0.3,0.1,0.1,0.1,0.1,0.1,0.1,0.1,0.1,0.1,0.1,0.1,0.0,0.0,0.1,0.1,0.1,0.1,0.1,0.1,0.1,0.1,0.1,0.1,0.1,0.1,0.1,0.1,0.1,0.1
0.58,0.233,0.1,0.1,0.1,0.5,0.1,0.5,0.9,0.1,0.1,0.1,0.1,0.1,0.1,0.1,0.1,0.1,0.1,0.1,0.1,0.1,0.1,0.1,0.1,0.1,0.1,0.1,0.1,0.1,0.5,0.3,0.329,0.1,0.367,0.1,0.1,0.5,0.1,0.1,0.3,0.1,0.0,0.0,0.1,0.1,0.1,0.1,0.1,0.1,0.9,0.9,0.1,0.1,0.9,0.1,0.9,0.9,0.633,0.9
0.26,0.633,0.633,0.1,0.1,0.1,0.1,0.5,0.1,0.1,0.42,0.9,0.9,0.9,0.9,0.9,0.1,0.5,0.367,0.5,0.3,0.1,0.1,0.1,0.1,0.1,0.1,0.1,0.1,0.1,0.3,0.1,0.1,0.1,0.1,0.1,0.1,0.1,0.1,0.1,0.1,0.1,0.0,0.0,0.1,0.1,0.1,0.1,0.1,0.1,0.1,0.1,0.1,0.1,0.1,0.1,0.1,0.1,0.1,0.1
0.26,0.633,0.633,0.1,0.1,0.1,0.1,0.5,0.1,0.1,0.26,0.1,0.1,0.1,0.1,0.1,0.1,0.1,0.1,0.1,0.3,0.1,0.1,0.1,0.1,0.1,0.1,0.1,0.1,0.1,0.3,0.1,0.1,0.1,0.1,0.1,0.1,0.1,0.1,0.1,0.1,0.1,0.0,0.0,0.1,0.1,0.1,0.1,0.1,0.1,0.1,0.1,0.1,0.1,0.1,0.1,0.1,0.1,0.1,0.1
0.26,0.1,0.1,0.1,0.1,0.1,0.1,0.1,0.1,0.1,0.1,0.1,0.1,0.1,0.1,0.1,0.1,0.1,0.1,0.1,0.1,0.1,0.1,0.1,0.1,0.1,0.1,0.1,0.1,0.1,0.5,0.4,0.443,0.1,0.633,0.5,0.1,0.5,0.367,0.1,0.3,0.1,0.0,0.0,0.1,0.1,0.1,0.1,0.1,0.1,0.9,0.5,0.1,0.1,0.1,0.1,0.9,0.9,0.633,0.633
0.26,0.633,0.633,0.1,0.1,0.1,0.1,0.5,0.1,0.1,0.74,0.633,0.1,0.1,0.1,0.1,0.5,0.9,0.633,0.9,0.7,0.367,0.1,0.1,0.1,0.9,0.1,0.5,0.9,0.1,0.3,0.1,0.1,0.1,0.1,0.1,0.1,0.1,0.1,0.1,0.1,0.1,0.0,0.0,0.1,0.1,0.1,0.1,0.1,0.1,0.1,0.1,0.1,0.1,0.1,0.1,0.1,0.1,0.1,0.1
0.26,0.367,0.367,0.1,0.1,0.1,0.1,0.5,0.1,0.1,0.26,0.1,0.1,0.1,0.1,0.1,0.1,0.1,0.1,0.1,0.9,0.633,0.1,0.1,0.1,0.1,0.9,0.9,0.633,0.9,0.3,0.1,0.1,0.1,0.1,0.1,0.1,0.1,0.1,0.1,0.1,0.1,0.0,0.0,0.1,0.1,0.1,0.1,0.1,0.1,0.1,0.1,0.1,0.1,0.1,0.1,0.1,0.1,0.1,0.1
0.26,0.5,0.5,0.1,0.367,0.1,0.1,0.5,0.1,0.5,0.1,0.1,0.1,0.1,0.1,0.1,0.1,0.1,0.1,0.1,0.1,0.1,0.1,0.1,0.1,0.1,0.1,0.1,0.1,0.1,0.1,0.1,0.1,0.1,0.1,0.1,0.1,0.1,0.1,0.1,0.1,0.1,0.0,0.0,0.1,0.1,0.1,0.1,0.1,0.1,0.1,0.1,0.1,0.1,0.1,0.1,0.1,0.1,0.1,0.1
0.26,0.1,0.1,0.1,0.1,0.1,0.1,0.1,0.1,0.1,0.1,0.1,0.1,0.1,0.1,0.1,0.1,0.1,0.1,0.1,0.1,0.1,0.1,0.1,0.1,0.1,0.1,0.1,0.1,0.1,0.5,0.8,0.214,0.5,0.633,0.5,0.1,0.5,0.367,0.9,0.3,0.1,0.0,0.0,0.1,0.1,0.1,0.1,0.1,0.1,0.9,0.5,0.1,0.1,0.1,0.1,0.9,0.9,0.633,0.633
0.26,0.1,0.1,0.1,0.1,0.1,0.1,0.1,0.1,0.1,0.1,0.1,0.1,0.1,0.1,0.1,0.1,0.1,0.1,0.1,0.1,0.1,0.1,0.1,0.1,0.1,0.1,0.1,0.1,0.1,0.5,0.5,0.443,0.5,0.367,0.5,0.1,0.5,0.367,0.3,0.3,0.1,0.0,0.0,0.1,0.1,0.1,0.1,0.1,0.1,0.9,0.5,0.1,0.1,0.1,0.1,0.9,0.9,0.633,0.633
0.26,0.1,0.1,0.1,0.1,0.1,0.1,0.1,0.1,0.1,0.1,0.1,0.1,0.1,0.1,0.1,0.1,0.1,0.1,0.1,0.1,0.1,0.1,0.1,0.1,0.1,0.1,0.1,0.1,0.1,0.5,0.5,0.329,0.1,0.367,0.9,0.1,0.5,0.367,0.5,0.3,0.1,0.0,0.0,0.1,0.1,0.1,0.1,0.1,0.1,0.3,0.1,0.1,0.1,0.1,0.1,0.1,0.1,0.1,0.1
0.58,0.233,0.1,0.1,0.1,0.5,0.1,0.5,0.9,0.1,0.1,0.1,0.1,0.1,0.1,0.1,0.1,0.1,0.1,0.1,0.1,0.1,0.1,0.1,0.1,0.1,0.1,0.1,0.1,0.1,0.5,0.3,0.329,0.1,0.367,0.1,0.1,0.5,0.1,0.1,0.7,0.9,0.0,0.0,0.9,0.1,0.5,0.5,0.1,0.9,0.3,0.1,0.1,0.1,0.1,0.1,0.1,0.1,0.1,0.1
0.58,0.233,0.1,0.1,0.1,0.5,0.1,0.5,0.9,0.1,0.1,0.1,0.1,0.1,0.1,0.1,0.1,0.1,0.1,0.1,0.1,0.1,0.1,0.1,0.1,0.1,0.1,0.1,0.1,0.1,0.7,0.2,0.1,0.1,0.1,0.5,0.1,0.5,0.9,0.1,0.1,0.1,0.0,0.0,0.1,0.1,0.1,0.1,0.1,0.1,0.1,0.1,0.1,0.1,0.1,0.1,0.1,0.1,0.1,0.1
0.1,0.1,0.1,0.1,0.1,0.1,0.1,0.1,0.1,0.1,0.1,0.1,0.1,0.1,0.1,0.1,0.1,0.1,0.1,0.1,0.1,0.1,0.1,0.1,0.1,0.1,0.1,0.1,0.1,0.1,0.5,0.3,0.214,0.1,0.367,0.1,0.1,0.5,0.1,0.1,0.1,0.1,0.0,0.0,0.1,0.1,0.1,0.1,0.1,0.1,0.1,0.1,0.1,0.1,0.1,0.1,0.1,0.1,0.1,0.1
0.58,0.233,0.1,0.1,0.1,0.5,0.1,0.5,0.9,0.1,0.1,0.1,0.1,0.1,0.1,0.1,0.1,0.1,0.1,0.1,0.1,0.1,0.1,0.1,0.1,0.1,0.1,0.1,0.1,0.1,0.5,0.6,0.443,0.5,0.9,0.5,0.1,0.5,0.367,0.3,0.3,0.1,0.0,0.0,0.1,0.1,0.1,0.1,0.1,0.1,0.9,0.5,0.1,0.1,0.1,0.1,0.9,0.9,0.633,0.633
0.58,0.233,0.1,0.1,0.1,0.5,0.1,0.5,0.9,0.1,0.1,0.1,0.1,0.1,0.1,0.1,0.1,0.1,0.1,0.1,0.1,0.1,0.1,0.1,0.1,0.1,0.1,0.1,0.1,0.1,0.5,0.7,0.557,0.9,0.9,0.5,0.1,0.5,0.367,0.3,0.9,0.42,0.0,0.0,0.1,0.1,0.5,0.9,0.633,0.9,0.3,0.3,0.1,0.1,0.1,0.1,0.1,0.5,0.1,0.1
0.58,0.233,0.1,0.1,0.1,0.5,0.1,0.5,0.9,0.1,0.1,0.1,0.1,0.1,0.1,0.1,0.1,0.1,0.1,0.1,0.1,0.1,0.1,0.1,0.1,0.1,0.1,0.1,0.1,0.1,0.5,0.3,0.329,0.1,0.367,0.1,0.1,0.5,0.1,0.1,0.3,0.1,0.0,0.0,0.1,0.1,0.1,0.1,0.1,0.1,0.9,0.5,0.1,0.1,0.1,0.1,0.9,0.9,0.633,0.633
0.26,0.1,0.1,0.1,0.1,0.1,0.1,0.1,0.1,0.1,0.1,0.1,0.1,0.1,0.1,0.1,0.1,0.1,0.1,0.1,0.1,0.1,0.1,0.1,0.1,0.1,0.1,0.1,0.1,0.1,0.5,0.4,0.443,0.1,0.633,0.5,0.1,0.5,0.367,0.1,0.3,0.1,0.0,0.0,0.1,0.1,0.1,0.1,0.1,0.1,0.5,0.7,0.9,0.9,0.9,0.9,0.1,0.5,0.367,0.367
0.26,0.633,0.367,0.1,0.367,0.1,0.1,0.5,0.1,0.9,0.1,0.1,0.1,0.1,0.1,0.1,0.1,0.1,0.1,0.1,0.1,0.1,0.1,0.1,0.1,0.1,0.1,0.1,0.1,0.1,0.1,0.1,0.1,0.1,0.1,0.1,0.1,0.1,0.1,0.1,0.1,0.1,0.0,0.0,0.1,0.1,0.1,0.1,0.1,0.1,0.1,0.1,0.1,0.1,0.1,0.1,0.1,0.1,0.1,0.1
0.42,0.633,0.633,0.1,0.367,0.5,0.1,0.5,0.367,0.1,0.26,0.1,0.1,0.1,0.1,0.1,0.1,0.1,0.1,0.1,0.3,0.1,0.1,0.1,0.1,0.1,0.1,0.1,0.1,0.1,0.3,0.1,0.1,0.1,0.1,0.1,0.1,0.1,0.1,0.1,0.1,0.1,0.0,0.0,0.1,0.1,0.1,0.1,0.1,0.1,0.1,0.1,0.1,0.1,0.1,0.1,0.1,0.1,0.1,0.1
0.26,0.1,0.1,0.1,0.1,0.1,0.1,0.1,0.1,0.1,0.1,0.1,0.1,0.1,0.1,0.1,0.1,0.1,0.1,0.1,0.1,0.1,0.1,0.1,0.1,0.1,0.1,0.1,0.1,0.1,0.3,0.3,0.329,0.1,0.1,0.1,0.1,0.5,0.1,0.1,0.3,0.1,0.0,0.0,0.1,0.1,0.1,0.1,0.1,0.1,0.3,0.1,0.1,0.1,0.1,0.1,0.1,0.1,0.1,0.1
0.58,0.233,0.1,0.1,0.1,0.5,0.1,0.5,0.9,0.1,0.1,0.1,0.1,0.1,0.1,0.1,0.1,0.1,0.1,0.1,0.1,0.1,0.1,0.1,0.1,0.1,0.1,0.1,0.1,0.1,0.5,0.3,0.329,0.1,0.367,0.1,0.1,0.5,0.1,0.1,0.7,0.9,0.0,0.0,0.5,0.1,0.5,0.5,0.1,0.9,0.3,0.1,0.1,0.1,0.1,0.1,0.1,0.1,0.1,0.1
0.26,0.1,0.1,0.1,0.1,0.1,0.1,0.1,0.1,0.1,0.1,0.1,0.1,0.1,0.1,0.1,0.1,0.1,0.1,0.1,0.1,0.1,0.1,0.1,0.1,0.1,0.1,0.1,0.1,0.1,0.5,0.7,0.329,0.5,0.367,0.5,0.1,0.5,0.367,0.7,0.9,0.42,0.0,0.0,0.1,0.1,0.5,0.9,0.633,0.9,0.3,0.1,0.1,0.1,0.1,0.1,0.1,0.1,0.1,0.1
0.1,0.1,0.1,0.1,0.1,0.1,0.1,0.1,0.1,0.1,0.1,0.1,0.1,0.1,0.1,0.1,0.1,0.1,0.1,0.1,0.1,0.1,0.1,0.1,0.1,0.1,0.1,0.1,0.1,0.1,0.5,0.6,0.214,0.1,0.633,0.5,0.1,0.1,0.367,0.5,0.1,0.1,0.0,0.0,0.1,0.1,0.1,0.1,0.1,0.1,0.1,0.1,0.1,0.1,0.1,0.1,0.1,0.1,0.1,0.1
0.58,0.233,0.1,0.1,0.1,0.5,0.1,0.5,0.9,0.1,0.1,0.1,0.1,0.1,0.1,0.1,0.1,0.1,0.1,0.1,0.1,0.1,0.1,0.1,0.1,0.1,0.1,0.1,0.1,0.1,0.7,0.6,0.557,0.5,0.633,0.1,0.5,0.5,0.1,0.3,0.3,0.1,0.0,0.0,0.1,0.1,0.1,0.1,0.1,0.1,0.9,0.5,0.1,0.1,0.1,0.1,0.9,0.9,0.633,0.633
0.42,0.5,0.5,0.1,0.633,0.5,0.1,0.5,0.367,0.1,0.42,0.9,0.9,0.9,0.9,0.9,0.1,0.5,0.367,0.5,0.3,0.1,0.1,0.1,0.1,0.1,0.1,0.1,0.1,0.1,0.3,0.1,0.1,0.1,0.1,0.1,0.1,0.1,0.1,0.1,0.1,0.1,0.0,0.0,0.1,0.1,0.1,0.1,0.1,0.1,0.1,0.1,0.1,0.1,0.1,0.1,0.1,0.1,0.1,0.1
0.26,0.1,0.1,0.1,0.1,0.1,0.1,0.1,0.1,0.1,0.1,0.1,0.1,0.1,0.1,0.1,0.1,0.1,0.1,0.1,0.1,0.1,0.1,0.1,0.1,0.1,0.1,0.1,0.1,0.1,0.5,0.4,0.214,0.5,0.367,0.5,0.1,0.5,0.367,0.3,0.9,0.42,0.0,0.0,0.1,0.1,0.5,0.9,0.633,0.9,0.3,0.1,0.1,0.1,0.1,0.1,0.1,0.1,0.1,0.1
0.26,0.1,0.1,0.1,0.1,0.1,0.1,0.1,0.1,0.1,0.1,0.1,0.1,0.1,0.1,0.1,0.1,0.1,0.1,0.1,0.1,0.1,0.1,0.1,0.1,0.1,0.1,0.1,0.1,0.1,0.5,0.7,0.557,0.1,0.367,0.1,0.1,0.5,0.1,0.5,0.3,0.1,0.0,0.0,0.1,0.1,0.1,0.1,0.1,0.1,0.3,0.1,0.1,0.1,0.1,0.1,0.1,0.1,0.1,0.1
0.1,0.1,0.1,0.1,0.1,0.1,0.1,0.1,0.1,0.1,0.1,0.1,0.1,0.1,0.1,0.1,0.1,0.1,0.1,0.1,0.1,0.1,0.1,0.1,0.1,0.1,0.1,0.1,0.1,0.1,0.9,0.2,0.1,0.1,0.367,0.1,0.9,0.9,0.1,0.1,0.1,0.1,0.0,0.0,0.1,0.1,0.1,0.1,0.1,0.1,0.1,0.1,0.1,0.1,0.1,0.1,0.1,0.1,0.1,0.1
0.42,0.5,0.633,0.1,0.633,0.5,0.1,0.5,0.367,0.1,0.26,0.1,0.1,0.1,0.1,0.1,0.1,0.1,0.1,0.1,0.5,0.9,0.9,0.9,0.9,0.9,0.1,0.5,0.367,0.5,0.3,0.1,0.1,0.1,0.1,0.1,0.1,0.1,0.1,0.1,0.1,0.1,0.0,0.0,0.1,0.1,0.1,0.1,0.1,0.1,0.1,0.1,0.1,0.1,0.1,0.1,0.1,0.1,0.1,0.1
0.1,0.1,0.1,0.1,0.1,0.1,0.1,0.1,0.1,0.1,0.1,0.1,0.1,0.1,0.1,0.1,0.1,0.1,0.1,0.1,0.1,0.1,0.1,0.1,0.1,0.1,0.1,0.1,0.1,0.1,0.5,0.5,0.443,0.1,0.367,0.1,0.1,0.5,0.1,0.5,0.1,0.1,0.0,0.0,0.1,0.1,0.1,0.1,0.1,0.1,0.1,0.1,0.1,0.1,0.1,0.1,0.1,0.1,0.1,0.1
0.42,0.633,0.233,0.9,0.633,0.5,0.1,0.5,0.367,0.5,0.74,0.633,0.1,0.1,0.1,0.1,0.5,0.9,0.633,0.9,0.3,0.1,0.1,0.1,0.1,0.1,0.1,0.1,0.1,0.1,0.3,0.1,0.1,0.1,0.1,0.1,0.1,0.1,0.1,0.1,0.1,0.1,0.0,0.0,0.1,0.1,0.1,0.1,0.1,0.1,0.1,0.1,0.1,0.1,0.1,0.1,0.1,0.1,0.1,0.1
0.58,0.233,0.1,0.1,0.1,0.5,0.1,0.5,0.9,0.1,0.1,0.1,0.1,0.1,0.1,0.1,0.1,0.1,0.1,0.1,0.1,0.1,0.1,0.1,0.1,0.1,0.1,0.1,0.1,0.1,0.3,0.5,0.557,0.1,0.1,0.1,0.1,0.5,0.1,0.1,0.9,0.42,0.0,0.0,0.1,0.1,0.5,0.9,0.633,0.9,0.7,0.3,0.1,0.1,0.1,0.9,0.1,0.5,0.9,0.1
0.58,0.233,0.1,0.1,0.1,0.5,0.1,0.5,0.9,0.1,0.1,0.1,0.1,0.1,0.1,0.1,0.1,0.1,0.1,0.1,0.1,0.1,0.1,0.1,0.1,0.1,0.1,0.1,0.1,0.1,0.5,0.4,0.329,0.5,0.367,0.5,0.1,0.5,0.367,0.3,0.3,0.1,0.0,0.0,0.1,0.1,0.1,0.1,0.1,0.1,0.9,0.5,0.1,0.1,0.1,0.1,0.9,0.9,0.633,0.633
0.42,0.767,0.233,0.5,0.9,0.1,0.1,0.5,0.1,0.9,0.1,0.1,0.1,0.1,0.1,0.1,0.1,0.1,0.1,0.1,0.1,0.1,0.1,0.1,0.1,0.1,0.1,0.1,0.1,0.1,0.1,0.1,0.1,0.1,0.1,0.1,0.1,0.1,0.1,0.1,0.1,0.1,0.0,0.0,0.1,0.1,0.1,0.1,0.1,0.1,0.1,0.1,0.1,0.1,0.1,0.1,0.1,0.1,0.1,0.1
0.26,0.1,0.1,0.1,0.1,0.1,0.1,0.1,0.1,0.1,0.1,0.1,0.1,0.1,0.1,0.1,0.1,0.1,0.1,0.1,0.1,0.1,0.1,0.1,0.1,0.1,0.1,0.1,0.1,0.1,0.5,0.5,0.214,0.9,0.633,0.5,0.1,0.5,0.367,0.3,0.9,0.42,0.0,0.0,0.1,0.1,0.5,0.9,0.633,0.9,0.3,0.1,0.1,0.1,0.1,0.1,0.1,0.1,0.1,0.1
0.26,0.1,0.1,0.1,0.1,0.1,0.1,0.1,0.1,0.1,0.1,0.1,0.1,0.1,0.1,0.1,0.1,0.1,0.1,0.1,0.1,0.1,0.1,0.1,0.1,0.1,0.1,0.1,0.1,0.1,0.5,0.7,0.214,0.5,0.367,0.5,0.1,0.5,0.367,0.9,0.3,0.1,0.0,0.0,0.1,0.1,0.1,0.1,0.1,0.1,0.9,0.5,0.1,0.1,0.1,0.1,0.9,0.9,0.633,0.633